,45,50,51,55,52,54,53,58,57,56,59
0,99.89935587761674,0.10064412238325282,,,,,,,,,
1,99.60413311862587,0.39586688137412773,,,,,,,,,
2,96.59822866344605,3.4017713365539453,,,,,,,,,
3,96.42377885131508,3.5762211486849167,,,,,,,,,
4,96.12184648416533,3.878153515834675,,,,,,,,,
5,95.07514761137949,4.924852388620504,,,,,,,,,
6,92.0558239398819,7.944176060118089,,,,,,,,,
7,92.0558239398819,7.944176060118089,,,,,,,,,
8,91.10976918947934,8.890230810520666,,,,,,,,,
9,84.7691894793344,15.230810520665592,,,,,,,,,
10,43.947933440687066,52.71068169618894,3.3413848631239937,,,,,,,,
11,44.24986580783682,52.40874932903918,3.3413848631239937,,,,,,,,
12,42.028985507246375,54.166666666666664,3.3413848631239937,0.46296296296296297,,,,,,,
13,27.9723564143854,68.37090713902307,3.193773483628556,0.46296296296296297,,,,,,,
14,27.408749329039185,67.7938808373591,3.193773483628556,0.46296296296296297,1.1406333870101986,,,,,,
15,27.556360708534623,67.14975845410628,3.193773483628556,0.5568974771873323,1.1406333870101986,0.4025764895330113,,,,,
16,27.958937198067634,66.03596349973162,3.1199677938808374,0.7581857219538379,1.1406333870101986,0.9863123993558777,,,,,
17,27.66371443907676,64.61352657004831,3.1199677938808374,0.7581857219538379,1.1406333870101986,0.9863123993558777,1.7176596886741815,,,,
18,27.80461621041331,62.13768115942029,3.1199677938808374,1.7713365539452497,1.1406333870101986,2.3081052066559313,1.7176596886741815,,,,
19,24.154589371980677,66.35131508319914,3.1199677938808374,1.7713365539452497,1.1137949543746646,2.3081052066559313,1.1808910359634996,,,,
20,24.154589371980677,66.19699409554482,3.1199677938808374,1.9256575415995705,1.1137949543746646,2.3081052066559313,1.1808910359634996,,,,
21,23.919753086419753,62.90257648953301,3.1199677938808374,5.4549114331723025,1.1137949543746646,2.3081052066559313,1.1808910359634996,,,,
22,19.176060118089104,58.923778851315085,0.9594739667203436,5.367686527106817,1.1137949543746646,0.7917337627482555,13.667471819645733,,,,
23,19.545088566827697,57.55501878690284,0.9594739667203436,5.495169082125604,0.9863123993558777,0.7917337627482555,14.667203435319378,,,,
24,19.632313472893184,57.49463231347289,0.9594739667203436,5.495169082125604,0.9863123993558777,0.7917337627482555,14.640365002683843,,,,
25,19.753086419753085,57.37385936661299,0.9594739667203436,5.495169082125604,0.9863123993558777,0.7917337627482555,14.640365002683843,,,,
26,14.734299516908212,63.32528180354267,0.9594739667203436,4.5960815888352125,0.9863123993558777,0.7917337627482555,14.606816961889425,,,,
27,14.600107353730541,60.34621578099839,0.9594739667203436,3.643317230273752,3.515834675254965,0.7917337627482555,16.14331723027375,,,,
28,13.727858293075684,51.321792807300056,12.06387546967257,3.280998389694042,3.1468062265163717,0.7917337627482555,15.666935050993022,,,,
29,14.103596349973161,51.08695652173913,12.057165861513688,3.1602254428341383,3.1468062265163717,0.7917337627482555,15.653515834675256,,,,
30,14.53972088030059,50.691089640365,12.02361782071927,3.1602254428341383,3.140096618357488,0.7917337627482555,15.653515834675256,,,,
31,13.875469672571121,48.7385936661299,11.996779388083736,3.1602254428341383,6.515029522275899,0.7917337627482555,14.922168545356952,,,,
32,13.20450885668277,41.035963499731615,26.31508319914117,2.341653247450349,8.809715512614064,0.7179280730005367,7.575147611379496,,,,
33,13.070316693505099,37.62748255501879,26.268115942028984,3.2541599570585076,8.809715512614064,0.7179280730005367,10.25228126677402,,,,
34,12.808641975308642,37.31213097155126,26.241277509393452,3.0931293612453032,9.326355340848094,1.1406333870101986,10.077831454643048,,,,
35,12.86231884057971,37.285292538915726,26.167471819645733,3.166935050993022,9.306226516371444,1.1406333870101986,9.943639291465379,0.1274825550187869,,,
36,11.728395061728396,32.15244229736983,29.341116478797638,2.38191089640365,13.768115942028986,1.1406333870101986,9.359903381642512,0.1274825550187869,,,
37,11.748523886205046,32.13231347289318,29.240472356414386,2.4691358024691357,13.734567901234568,1.0332796564680622,9.514224369296834,0.1274825550187869,,,
38,3.5292538915727323,85.39989264626946,2.1135265700483092,1.570048309178744,6.508319914117015,0.4294149221685454,0.4495437466451959,,,,
39,3.656736446591519,82.57514761137949,2.1135265700483092,4.119699409554482,5.649490069779925,1.4358561460010735,0.4495437466451959,,,,
40,3.556092324208266,74.60413311862587,0.7313472893183038,3.911701556629093,5.562265163714439,3.770799785292539,7.5281803542673105,0.24154589371980675,0.0939345142243693,,
41,3.549382716049383,72.71202361782072,0.7313472893183038,3.9989264626945786,5.481749865807837,4.5893719806763285,8.601717659688674,0.24154589371980675,0.0939345142243693,,
42,3.6097691894793345,69.9074074074074,0.7313472893183038,6.743156199677939,5.481749865807837,4.5893719806763285,8.601717659688674,0.24154589371980675,0.0939345142243693,,
43,3.69699409554482,69.24315619967794,0.7313472893183038,4.414922168545357,5.481749865807837,4.5893719806763285,11.506977992485238,0.24154589371980675,0.0939345142243693,,
44,3.7909286097691894,67.8341384863124,0.7313472893183038,5.790391841116479,5.481749865807837,4.5893719806763285,11.446591519055287,0.24154589371980675,0.0939345142243693,,
45,3.4822866344605474,63.37224906065486,0.6642512077294686,5.736714975845411,4.7168545356951155,4.5893719806763285,16.774020397208805,0.24154589371980675,0.3421900161030596,0.08051529790660225,
46,3.4688674181427803,60.73537305421363,0.6172839506172839,8.467525496511003,4.7168545356951155,4.5893719806763285,16.740472356414386,0.24154589371980675,0.3421900161030596,0.08051529790660225,
47,3.629898013955985,60.70182501341922,0.6172839506172839,8.427267847557703,4.683306494900698,4.549114331723027,16.72705314009662,0.24154589371980675,0.3421900161030596,0.08051529790660225,
48,3.770799785292539,60.14492753623188,0.3153515834675255,9.373322597960279,4.683306494900698,4.4820182501341925,16.67337627482555,0.24154589371980675,0.23483628556092323,0.08051529790660225,
49,4.133118625872249,59.76247987117552,0.3153515834675255,9.453837895866881,4.663177670424047,4.455179817498658,16.67337627482555,0.24154589371980675,0.2214170692431562,0.08051529790660225,
50,4.193505099302201,59.614868491680085,0.3153515834675255,9.541062801932368,4.663177670424047,4.455179817498658,16.67337627482555,0.24154589371980675,0.2214170692431562,0.08051529790660225,
51,4.2203435319377345,57.35373054213634,0.3153515834675255,9.178743961352657,4.508856682769726,4.388083735909823,19.57192699946323,0.24154589371980675,0.14090177133655393,0.08051529790660225,
52,4.394793344068707,57.30005367686527,0.3153515834675255,9.178743961352657,4.508856682769726,4.26731078904992,19.57192699946323,0.24154589371980675,0.14090177133655393,0.08051529790660225,
53,4.958400429414922,55.50858829844337,0.3153515834675255,9.272678475577026,4.133118625872249,3.8848631239935587,21.464036500268385,0.24154589371980675,0.14090177133655393,0.08051529790660225,
54,5.193236714975845,55.421363392377884,0.3153515834675255,9.272678475577026,4.0995705850778315,3.864734299516908,21.370101986044016,0.24154589371980675,0.14090177133655393,0.08051529790660225,
55,5.179817498658078,52.871712292002144,0.3153515834675255,11.876006441223833,4.0995705850778315,3.864734299516908,21.329844337090712,0.24154589371980675,0.14090177133655393,0.08051529790660225,
56,5.025496511003757,51.81830381105743,0.3153515834675255,11.460010735373054,4.0995705850778315,12.124261943102523,15.076489533011273,,,0.08051529790660225,
57,5.287171229200215,51.69753086419753,0.3153515834675255,11.43317230273752,4.0995705850778315,12.02361782071927,15.063070316693505,,,0.08051529790660225,
58,5.629361245303274,51.529790660225444,0.3153515834675255,11.372785829307569,4.0995705850778315,11.990069779924852,14.982555018786902,,,0.08051529790660225,
59,5.669618894256575,49.77858293075684,0.3153515834675255,13.097155126140633,4.05931293612453,12.385936661298981,14.61352657004831,,,0.08051529790660225,
60,5.924584004294149,49.5907139023081,0.3153515834675255,13.050187869028449,4.05931293612453,12.385936661298981,14.593397745571659,,,0.08051529790660225,
61,5.542136339237788,44.06199677938808,0.3153515834675255,10.178475577026301,4.723564143853999,11.849168008588299,23.09447128287708,,,0.23483628556092323,
62,5.622651637144391,43.585614600107355,0.3153515834675255,9.447128287707997,7.50805152979066,11.83574879227053,21.450617283950617,,,0.23483628556092323,
63,5.35426731078905,40.774288781535155,0.3153515834675255,8.635265700483092,7.481213097155126,7.232957595276436,29.97181964573269,,,0.23483628556092323,
64,5.656199677938808,40.43880837359098,0.3153515834675255,8.816425120772946,7.75630703166935,6.89747718733226,29.884594739667204,,,0.23483628556092323,
65,5.877616747181965,40.29119699409554,0.3153515834675255,8.789586688137414,7.75630703166935,6.890767579173376,29.844337090713903,,,0.23483628556092323,
66,6.031937734836285,39.82823403113258,0.3153515834675255,9.225711218464841,7.702630166398282,6.890767579173376,29.770531400966185,,,0.23483628556092323,
67,5.964841653247451,38.989533011272144,0.3153515834675255,8.883521202361782,9.31964573268921,8.199141170155663,27.87842190016103,,0.2147074610842727,0.23483628556092323,
68,5.984970477724101,37.68786902844874,0.3153515834675255,10.165056360708535,9.31964573268921,8.199141170155663,27.87842190016103,,0.2147074610842727,0.23483628556092323,
69,6.045356951154052,37.65432098765432,0.3153515834675255,10.165056360708535,9.292807300053678,8.199141170155663,27.87842190016103,,0.2147074610842727,0.23483628556092323,
70,5.260332796564681,35.33279656468062,0.3153515834675255,9.668545356951155,8.59500805152979,12.560386473429952,27.18733225979603,,0.8454106280193237,0.23483628556092323,
71,5.421363392377885,35.28582930756844,0.3153515834675255,9.581320450885668,8.440687063875469,12.701288244766506,27.17391304347826,,0.8454106280193237,0.23483628556092323,
72,5.5689747718733225,35.198604401502955,0.3153515834675255,9.581320450885668,8.440687063875469,12.701288244766506,27.113526570048307,,0.8454106280193237,0.23483628556092323,
73,5.83064949006978,34.936929683306495,0.3153515834675255,9.252549651100376,8.440687063875469,14.083467525496511,26.060118089103597,,0.8454106280193237,0.23483628556092323,
74,5.904455179817498,34.93022007514761,0.3153515834675255,9.219001610305957,8.440687063875469,14.049919484702093,26.060118089103597,,0.8454106280193237,0.23483628556092323,
75,5.964841653247451,34.86983360171766,0.3153515834675255,10.648148148148149,8.440687063875469,14.049919484702093,24.630971551261407,,0.8454106280193237,0.23483628556092323,
76,5.978260869565218,34.856414385399894,0.3153515834675255,10.648148148148149,8.440687063875469,14.049919484702093,24.630971551261407,,0.8454106280193237,0.23483628556092323,
77,6.125872249060655,34.68196457326892,0.3153515834675255,10.742082662372518,8.413848631239935,14.049919484702093,24.590713902308106,,0.8454106280193237,0.23483628556092323,
78,6.233225979602791,34.64170692431562,0.3153515834675255,10.742082662372518,8.413848631239935,14.023081052066559,23.577563070316693,0.9728931830381106,0.8454106280193237,0.23483628556092323,
79,6.374127750939345,33.467525496511,0.3153515834675255,11.83574879227053,8.3467525496511,14.023081052066559,23.295759527643586,1.261406333870102,0.8454106280193237,0.23483628556092323,
80,6.568706387546968,33.353462157809986,0.3153515834675255,11.83574879227053,8.172302737520129,14.016371443907676,23.282340311325818,1.261406333870102,0.9594739667203436,0.23483628556092323,
81,6.508319914117015,32.25979602791197,0.3153515834675255,12.016908212560386,8.266237251744498,15.640096618357488,22.537573805689746,1.261406333870102,0.9594739667203436,0.23483628556092323,
82,6.528448738593666,32.23966720343532,0.3153515834675255,12.016908212560386,8.266237251744498,15.640096618357488,22.537573805689746,1.261406333870102,0.9594739667203436,0.23483628556092323,
83,6.810252281266774,31.95115405260333,0.3153515834675255,11.694847020933977,7.9039184111647875,15.479066022544284,23.517176596886742,1.261406333870102,0.8319914117015567,0.23483628556092323,
84,6.1929683306494905,29.864465915190554,11.191626409017713,10.674986580783683,6.830381105743425,11.017176596886742,21.900161030595815,1.261406333870102,0.8319914117015567,0.23483628556092323,
85,6.582125603864735,29.696725711218466,11.11111111111111,10.621309715512615,6.816961889425658,11.017176596886742,21.786097691894792,1.261406333870102,0.8319914117015567,0.27509393451422437,
86,6.595544820182502,29.676596886741816,11.11111111111111,11.33923778851315,6.387546967257112,10.789049919484702,21.732420826623724,1.261406333870102,0.8319914117015567,0.27509393451422437,
87,6.890767579173376,29.59608158883521,10.379763821792807,11.2788513150832,6.226516371443908,11.52710681696189,21.732420826623724,1.261406333870102,0.8319914117015567,0.27509393451422437,
88,6.910896403650026,29.58937198067633,10.379763821792807,11.2788513150832,6.226516371443908,11.513687600644122,21.732420826623724,1.261406333870102,0.8319914117015567,0.27509393451422437,
89,6.991411701556629,29.528985507246375,10.359634997316157,11.2788513150832,6.226516371443908,11.513687600644122,21.732420826623724,1.261406333870102,0.8319914117015567,0.27509393451422437,
90,6.850509930220075,28.824476650563607,10.34621578099839,11.09098228663446,8.152173913043478,12.822061191626409,19.773215244229736,1.261406333870102,0.6172839506172839,0.2616747181964573,
91,6.957863660762212,28.797638217928075,10.34621578099839,11.07085346215781,8.125335480407944,12.822061191626409,19.73966720343532,1.261406333870102,0.6172839506172839,0.2616747181964573,
92,6.957863660762212,28.22061191626409,10.34621578099839,11.064143853998926,8.085077831454644,13.466183574879228,19.719538378958667,1.261406333870102,0.6172839506172839,0.2616747181964573,
93,7.27992485238862,28.099838969404185,10.34621578099839,10.990338164251208,8.085077831454644,13.466183574879228,19.592055823939884,1.261406333870102,0.6172839506172839,0.2616747181964573,
94,7.440955448201825,28.099838969404185,10.34621578099839,10.970209339774557,8.085077831454644,13.39237788513151,19.524959742351047,1.261406333870102,0.6172839506172839,0.2616747181964573,
95,7.447665056360709,28.08641975308642,10.34621578099839,10.976918947933441,8.085077831454644,13.39237788513151,19.524959742351047,1.261406333870102,0.6172839506172839,0.2616747181964573,
96,8.031400966183575,27.95222758990875,10.165056360708535,10.943370907139023,9.225711218464841,13.157541599570585,18.38432635534085,1.261406333870102,0.6172839506172839,0.2616747181964573,
97,8.071658615136876,27.932098765432098,10.165056360708535,10.943370907139023,9.205582393988191,13.157541599570585,18.38432635534085,1.261406333870102,0.6172839506172839,0.2616747181964573,
98,8.360171765968868,27.78448738593666,10.165056360708535,10.943370907139023,9.172034353193773,13.157541599570585,18.276972624798713,1.261406333870102,0.6172839506172839,0.2616747181964573,
99,8.420558239398819,26.818303811057433,10.165056360708535,11.98336017176597,9.172034353193773,13.144122383252817,18.156199677938808,1.261406333870102,0.6172839506172839,0.2616747181964573,
100,8.36688137412775,26.529790660225444,10.158346752549651,12.453032742887816,8.76274825550188,13.144122383252817,18.4447128287708,1.261406333870102,0.6172839506172839,0.2616747181964573,
101,8.252818035426731,25.623993558776167,10.138217928073,12.446323134728932,8.742619431025227,14.331723027375201,18.323939881910896,1.261406333870102,0.6172839506172839,0.2616747181964573,
102,7.763016639828234,24.825550187869027,9.769189479334408,11.922973698336017,10.63472893183038,14.331723027375201,18.243424584004295,1.261406333870102,0.6172839506172839,0.630703166935051,
103,7.809983896940419,24.738325281803544,9.769189479334408,11.990069779924852,10.34621578099839,14.331723027375201,18.203166935050994,1.247987117552335,0.9326355340848095,0.630703166935051,
104,7.98443370907139,24.711486849168008,9.769189479334408,11.949812130971551,10.326086956521738,14.2914653784219,18.16290928609769,1.247987117552335,0.9259259259259259,0.630703166935051,
105,7.9106280193236715,24.355877616747183,9.769189479334408,12.211486849168008,10.326086956521738,14.036500268384327,18.136070853462158,1.6975308641975309,0.9259259259259259,0.630703166935051,
106,8.044820182501342,24.355877616747183,9.769189479334408,12.211486849168008,10.326086956521738,13.942565754159958,18.12265163714439,1.6706924315619969,0.9259259259259259,0.630703166935051,
107,8.32662372517445,24.342458400429415,9.71551261406334,12.204777241009126,10.326086956521738,13.882179280730005,18.02200751476114,1.6237251744498122,0.9259259259259259,0.630703166935051,
108,7.863660762211487,22.48389694041868,9.708803005904455,14.049919484702093,10.23215244229737,13.882179280730005,19.182769726247987,1.0399892646269457,0.9259259259259259,0.630703166935051,
109,7.957595276435856,22.31615673644659,9.681964573268921,13.895598497047773,12.600644122383253,11.929683306494901,18.84728931830381,1.0399892646269457,0.9259259259259259,0.8051529790660226,
110,7.883789586688137,21.926999463231347,9.681964573268921,13.83521202361782,12.788513150831992,12.298711755233494,18.813741277509394,1.0399892646269457,0.9259259259259259,0.8051529790660226,
111,8.105206655931294,21.880032206119164,9.66183574879227,13.828502415458937,12.761674718196458,12.23161567364466,18.760064412238325,1.0399892646269457,0.9259259259259259,0.8051529790660226,
112,8.152173913043478,21.81964573268921,9.66183574879227,13.828502415458937,12.761674718196458,12.23161567364466,18.5654857756307,1.247987117552335,0.9259259259259259,0.8051529790660226,
113,8.514492753623188,21.64519592055824,9.66183574879227,13.761406333870102,12.761674718196458,12.23161567364466,18.471551261406333,1.221148684916801,0.9259259259259259,0.8051529790660226,
114,8.467525496511003,20.46430488459474,9.66183574879227,13.727858293075684,12.721417069243156,15.029522275899087,17.14975845410628,1.221148684916801,0.9259259259259259,0.630703166935051,
115,8.53462157809984,20.42404723564144,9.66183574879227,13.727858293075684,12.721417069243156,15.002683843263553,17.14975845410628,1.221148684916801,0.9259259259259259,0.630703166935051,
116,8.756038647342995,20.42404723564144,9.339774557165862,13.647342995169081,12.647611379495437,15.002683843263553,17.082662372517444,1.221148684916801,0.9259259259259259,0.95276435856146,
117,9.064680622651638,20.35024154589372,9.205582393988191,13.6406333870102,12.647611379495437,15.002683843263553,17.04911433172303,1.221148684916801,0.9125067096081588,0.9057971014492754,
118,9.27938808373591,20.323403113258184,9.205582393988191,13.627214170692431,12.607353730542137,14.868491680085883,17.04911433172303,1.221148684916801,0.9125067096081588,0.9057971014492754,
119,9.286097691894794,20.30998389694042,9.118357487922705,13.821792807300053,12.607353730542137,14.80810520665593,17.008856682769725,1.221148684916801,0.9125067096081588,0.9057971014492754,
120,9.31964573268921,19.665861513687602,9.118357487922705,13.150831991411701,12.47987117552335,16.0829307568438,17.008856682769725,1.221148684916801,0.9125067096081588,1.0399892646269457,
121,9.31964573268921,19.665861513687602,9.118357487922705,13.150831991411701,12.47987117552335,16.0829307568438,17.008856682769725,1.221148684916801,0.9125067096081588,1.0399892646269457,
122,9.473966720343531,19.659151905528716,9.118357487922705,13.137412775093935,12.385936661298981,16.056092324208265,17.002147074610843,1.2144390767579174,0.9125067096081588,1.0399892646269457,
123,9.50751476113795,19.585346215780998,9.118357487922705,12.627482555018787,13.90901771336554,16.049382716049383,16.056092324208265,1.1943102522812667,0.9125067096081588,1.0399892646269457,
124,9.722222222222221,19.538378958668815,9.07139023081052,12.620772946859903,13.868760064412239,16.022544283413847,16.022544283413847,1.1808910359634996,0.9125067096081588,1.0399892646269457,
125,9.903381642512077,19.43102522812668,9.07139023081052,12.600644122383253,13.868760064412239,16.022544283413847,15.982286634460548,1.1674718196457328,0.9125067096081588,1.0399892646269457,
126,10.010735373054214,19.28341384863124,9.07139023081052,12.654320987654321,13.868760064412239,16.022544283413847,15.982286634460548,1.1674718196457328,0.8990874932903918,1.0399892646269457,
127,10.218733225979603,19.249865807836823,9.07139023081052,12.506709608158884,13.868760064412239,15.995705850778315,15.982286634460548,1.1674718196457328,0.8990874932903918,1.0399892646269457,
128,10.305958132045088,18.887546967257112,9.07139023081052,12.050456253354804,12.889157273215245,15.170424047235642,18.51851851851852,1.1674718196457328,0.8990874932903918,1.0399892646269457,
129,9.88996242619431,17.297369833601717,8.890230810520666,12.318840579710145,12.889157273215245,17.156468062265162,18.51851851851852,1.1674718196457328,0.8990874932903918,0.9728931830381106,
130,9.970477724100913,17.250402576489535,8.870101986044014,13.6406333870102,12.869028448738593,15.841384863123993,18.51851851851852,1.1674718196457328,0.8990874932903918,0.9728931830381106,
131,10.017444981213098,17.250402576489535,8.870101986044014,13.620504562533547,12.848899624261943,15.83467525496511,18.4044551798175,1.2815351583467525,0.8990874932903918,0.9728931830381106,
132,10.185185185185185,17.176596886741816,8.836553945249598,13.56682769726248,12.848899624261943,15.827965646806227,18.4044551798175,1.2815351583467525,0.8990874932903918,0.9728931830381106,
133,10.205314009661835,17.176596886741816,8.816425120772946,13.56682769726248,12.848899624261943,15.827965646806227,18.4044551798175,1.2815351583467525,0.8990874932903918,0.9728931830381106,
134,10.413311862587225,17.082662372517444,8.78287707997853,13.533279656468062,12.848899624261943,15.787707997852925,18.397745571658614,1.2815351583467525,0.8990874932903918,0.9728931830381106,
135,10.607890499194847,16.740472356414386,8.78287707997853,13.788244766505636,12.828770799785293,15.734031132581856,18.364197530864196,1.2815351583467525,0.8990874932903918,0.9728931830381106,
136,10.983628556092324,16.740472356414386,8.568169618894256,13.761406333870102,12.828770799785293,15.385131508319914,18.303811057434245,1.2815351583467525,0.8319914117015567,0.9728931830381106,0.3421900161030596
137,11.097691894793345,16.7337627482555,9.125067096081589,13.399087493290391,12.00348899624262,15.22410091250671,18.988191089640367,1.2815351583467525,0.8319914117015567,0.9728931830381106,0.3421900161030596
138,11.332528180354267,16.70692431561997,9.111647879763822,13.399087493290391,11.990069779924852,15.210681696188942,18.820450885668276,1.2815351583467525,0.8319914117015567,0.9728931830381106,0.3421900161030596
139,11.386205045625335,16.6935050993022,9.111647879763822,12.5,14.38539989264627,15.163714439076758,17.384594739667204,1.2815351583467525,0.7783145464304885,0.9728931830381106,0.3421900161030596
140,11.392914653784219,15.975577026301664,9.111647879763822,11.896135265700483,14.36527106816962,16.55931293612453,17.324208266237253,1.2815351583467525,0.7783145464304885,0.9728931830381106,0.3421900161030596
141,11.54723564143854,15.96886741814278,9.03113258185722,11.882716049382717,14.36527106816962,16.545893719806763,17.28395061728395,1.2815351583467525,0.7783145464304885,0.9728931830381106,0.3421900161030596
142,11.439881910896403,15.96886741814278,9.017713365539452,11.808910359634996,15.183843263553408,16.465378421900162,16.740472356414386,1.2815351583467525,0.7783145464304885,0.9728931830381106,0.3421900161030596
143,11.54723564143854,15.955448201825014,9.017713365539452,11.808910359634996,15.143585614600108,16.451959205582394,16.700214707461082,1.2815351583467525,0.7783145464304885,0.9728931830381106,0.3421900161030596
144,11.292270531400966,13.976113794954374,8.910359634997317,14.36527106816962,15.103327965646805,16.358024691358025,16.639828234031132,1.2681159420289856,0.7783145464304885,0.966183574879227,0.3421900161030596
145,11.419753086419753,13.962694578636608,8.890230810520666,14.331723027375201,15.103327965646805,16.297638217928075,16.639828234031132,1.2681159420289856,0.7783145464304885,0.966183574879227,0.3421900161030596
146,11.33923778851315,13.962694578636608,10.795759527643586,14.318303811057435,14.076757917337627,16.297638217928075,15.70048309178744,1.42914653784219,0.7783145464304885,0.9594739667203436,0.3421900161030596
147,11.560654857756306,13.895598497047773,10.795759527643586,14.318303811057435,14.06333870101986,16.21712292002147,15.640096618357488,1.42914653784219,0.7783145464304885,0.9594739667203436,0.3421900161030596
148,11.392914653784219,12.318840579710145,10.661567364465915,13.788244766505636,15.123456790123457,17.98174986580784,15.432098765432098,1.42914653784219,0.7783145464304885,1.093666129898014,
149,11.480139559849706,12.318840579710145,10.648148148148149,13.774825550187868,14.875201288244767,17.96833064949007,15.391841116478798,1.42914653784219,0.7783145464304885,1.3352120236178207,
150,11.54723564143854,12.298711755233494,10.648148148148149,13.768115942028986,14.875201288244767,17.92807300053677,15.391841116478798,1.42914653784219,0.7783145464304885,1.3352120236178207,
151,11.634460547504025,12.151100375738057,10.648148148148149,13.466183574879228,14.875201288244767,17.250402576489535,16.431830381105744,1.42914653784219,0.7783145464304885,1.3352120236178207,
152,11.721685453569512,12.13768115942029,10.648148148148149,13.425925925925926,14.848362855609233,17.143048845947398,16.42512077294686,1.5365002683843263,0.7783145464304885,1.3352120236178207,
153,11.842458400429415,12.124261943102523,10.648148148148149,13.425925925925926,14.714170692431562,17.07595276435856,16.411701556629094,1.5365002683843263,0.7783145464304885,1.442565754159957,
154,12.030327428878154,12.06387546967257,10.57434245840043,13.486312399355878,14.626945786366075,17.04911433172303,16.411701556629094,1.5365002683843263,0.7783145464304885,1.442565754159957,
155,12.02361782071927,12.06387546967257,10.57434245840043,13.446054750402576,14.579978529253891,17.04911433172303,16.505636070853463,1.5365002683843263,0.7783145464304885,1.442565754159957,
156,12.090713902308105,12.06387546967257,10.57434245840043,13.419216317767042,14.566559312936125,17.022275899087493,16.505636070853463,1.5365002683843263,0.7783145464304885,1.442565754159957,
157,12.352388620504563,12.02361782071927,10.57434245840043,13.385668276972625,14.526301663982823,16.901502952227588,16.49892646269458,1.5163714439076759,0.7783145464304885,1.442565754159957,
158,12.084004294149223,11.90955448201825,10.124798711755233,14.573268921095009,14.392109500805153,16.888083735909824,16.42512077294686,1.5163714439076759,0.7514761137949544,1.3352120236178207,
159,12.117552334943639,11.829039184111648,9.849704777241008,14.546430488459475,14.741009125067096,16.935050993022006,16.404991948470208,1.4895330112721417,0.7514761137949544,1.3352120236178207,
160,12.278582930756844,11.81561996779388,9.842995169082126,14.546430488459475,14.707461084272678,16.82769726247987,16.404991948470208,1.4895330112721417,0.7514761137949544,1.3352120236178207,
161,12.305421363392378,11.81561996779388,9.842995169082126,14.51959205582394,14.700751476113794,16.814278046162105,16.284219001610307,1.4895330112721417,0.8923778851315083,1.3352120236178207,
162,12.399355877616747,11.81561996779388,9.836285560923242,14.51959205582394,14.63365539452496,16.814278046162105,16.264090177133657,1.4895330112721417,0.8923778851315083,1.3352120236178207,
163,12.359098228663447,11.81561996779388,9.836285560923242,14.418947933440688,14.579978529253891,16.80756843800322,16.264090177133657,1.4895330112721417,1.093666129898014,1.3352120236178207,
164,12.385936661298981,11.81561996779388,9.836285560923242,14.418947933440688,14.486044015029522,16.80756843800322,16.264090177133657,1.4895330112721417,1.093666129898014,1.402308105206656,
165,12.640901771336553,11.721685453569512,9.796027911969942,14.345142243692969,14.472624798711756,16.78743961352657,16.25067096081589,1.4895330112721417,1.093666129898014,1.402308105206656,
166,12.560386473429952,11.3593666129898,9.782608695652174,14.264626945786366,14.472624798711756,17.324208266237253,16.25067096081589,1.4895330112721417,1.093666129898014,1.402308105206656,
167,12.889157273215245,11.312399355877616,9.782608695652174,14.06333870101986,14.439076757917338,17.317498658078367,16.0829307568438,1.4761137949543746,1.2546967257112185,1.3821792807300053,
168,12.902576489533011,11.312399355877616,9.782608695652174,14.049919484702093,14.439076757917338,17.317498658078367,16.0829307568438,1.4761137949543746,1.2546967257112185,1.3821792807300053,
169,12.969672571121846,11.312399355877616,9.742351046698873,14.049919484702093,14.42565754159957,17.317498658078367,16.069511540526033,1.4761137949543746,1.2546967257112185,1.3821792807300053,
170,12.788513150831992,11.292270531400966,9.742351046698873,13.754696725711218,16.82769726247987,15.626677402039721,16.035963499731615,1.4761137949543746,1.2546967257112185,1.2010198604401503,
171,12.593934514224369,10.768921095008052,9.742351046698873,13.231347289318304,16.814278046162105,16.894793344068706,16.035963499731615,1.4761137949543746,1.2546967257112185,1.1876006441223832,
172,12.171229200214707,10.601180891035963,9.742351046698873,13.251476113794954,19.685990338164252,16.6935050993022,14.325013419216317,1.4492753623188406,0.8051529790660226,1.2748255501878691,
173,11.506977992485238,10.104669887278583,9.66183574879227,12.875738056897477,27.945517981749866,15.096618357487923,9.836285560923242,1.0869565217391304,0.6105743424584005,1.2748255501878691,
174,11.621041331186259,10.104669887278583,9.628287707997853,12.875738056897477,27.905260332796566,15.056360708534621,9.836285560923242,1.0869565217391304,0.6105743424584005,1.2748255501878691,
175,11.614331723027375,10.104669887278583,9.373322597960279,12.875738056897477,27.905260332796566,15.049651100375739,9.836285560923242,1.0869565217391304,0.6105743424584005,1.5432098765432098,
176,11.782071926999464,10.084541062801932,9.373322597960279,12.875738056897477,27.79790660225443,14.928878153515834,9.802737520128824,1.0869565217391304,0.6105743424584005,1.5432098765432098,0.11406333870101985
177,11.79549114331723,10.084541062801932,9.373322597960279,12.99651100375738,27.750939345142243,14.841653247450349,9.802737520128824,1.0869565217391304,0.6105743424584005,1.5432098765432098,0.11406333870101985
178,11.460010735373054,10.044283413848632,9.346484165324744,12.983091787439614,29.032474503488995,14.096886741814279,9.695383789586689,1.0869565217391304,0.5971551261406334,1.5432098765432098,0.11406333870101985
179,11.372785829307569,9.863123993558776,9.339774557165862,12.721417069243156,28.978797638217927,12.077294685990339,12.359098228663447,1.0399892646269457,0.5971551261406334,1.5365002683843263,0.11406333870101985
180,11.419753086419753,9.863123993558776,9.339774557165862,12.721417069243156,28.75067096081589,12.030327428878154,12.359098228663447,1.0399892646269457,0.8252818035426731,1.5365002683843263,0.11406333870101985
181,11.466720343531938,9.863123993558776,9.339774557165862,12.721417069243156,28.723832528180353,12.010198604401502,12.359098228663447,1.0399892646269457,0.8252818035426731,1.5365002683843263,0.11406333870101985
182,11.41304347826087,9.849704777241008,9.29951690821256,12.674449812130971,28.529253891572733,12.110842726784755,12.432903918411165,1.0198604401502953,0.8252818035426731,1.7310789049919484,0.11406333870101985
183,11.480139559849706,9.836285560923242,9.25925925925926,12.52012882447665,28.341384863123995,12.439613526570048,12.432903918411165,1.0198604401502953,0.8252818035426731,1.7310789049919484,0.11406333870101985
184,11.688137412775093,9.822866344605474,9.25925925925926,12.439613526570048,28.133387010198604,12.580515297906603,12.399355877616747,1.0064412238325282,0.8252818035426731,1.7310789049919484,0.11406333870101985
185,11.748523886205046,9.822866344605474,9.25925925925926,12.406065485775631,28.10654857756307,12.580515297906603,12.399355877616747,1.0064412238325282,0.8252818035426731,1.7310789049919484,0.11406333870101985
186,12.157809983896941,9.822866344605474,9.252549651100376,12.25174449812131,27.905260332796566,12.513419216317766,12.392646269457863,1.0802469135802468,0.7783145464304885,1.7310789049919484,0.11406333870101985
187,12.224906065485776,9.822866344605474,9.252549651100376,12.224906065485776,27.905260332796566,12.486580783682234,12.379227053140097,1.0802469135802468,0.7783145464304885,1.7310789049919484,0.11406333870101985
188,12.285292538915728,9.802737520128824,9.252549651100376,12.211486849168008,27.885131508319915,12.486580783682234,12.372517444981213,1.0802469135802468,0.7783145464304885,1.7310789049919484,0.11406333870101985
189,12.640901771336553,9.728931830381105,9.252549651100376,12.204777241009126,27.643585614600106,12.5,12.325550187869029,1.0802469135802468,0.7783145464304885,1.7310789049919484,0.11406333870101985
190,12.788513150831992,9.728931830381105,9.252549651100376,12.171229200214707,27.51610305958132,12.533548040794418,12.305421363392378,1.0802469135802468,0.7783145464304885,1.7310789049919484,0.11406333870101985
191,13.197799248523886,9.708803005904455,9.145195920558239,12.171229200214707,27.361782071927,12.52012882447665,12.191358024691358,1.0802469135802468,0.7783145464304885,1.7310789049919484,0.11406333870101985
192,13.39237788513151,9.708803005904455,8.863392377885132,12.110842726784755,27.24771873322598,12.52012882447665,12.177938808373591,1.0802469135802468,0.7783145464304885,2.006172839506173,0.11406333870101985
193,13.385668276972625,9.628287707997853,8.863392377885132,12.097423510466989,27.194041867954912,12.68786902844874,12.164519592055823,1.0802469135802468,0.7783145464304885,2.006172839506173,0.11406333870101985
194,13.325281803542673,9.621578099838969,8.641975308641975,12.090713902308105,26.89210950080515,13.083735909822867,12.070585077831455,1.0802469135802468,0.7783145464304885,2.301395598497048,0.11406333870101985
195,13.734567901234568,9.621578099838969,8.621846484165324,12.345679012345679,26.81159420289855,12.795222758990874,11.808910359634996,1.0802469135802468,0.7648953301127214,2.301395598497048,0.11406333870101985
196,13.808373590982287,9.588030059044552,8.621846484165324,12.332259796027913,26.78475577026302,12.795222758990874,11.808910359634996,1.0802469135802468,0.7648953301127214,2.301395598497048,0.11406333870101985
197,13.875469672571121,9.581320450885668,8.621846484165324,12.332259796027913,26.73107890499195,12.795222758990874,11.808910359634996,1.0735373054213635,0.7648953301127214,2.301395598497048,0.11406333870101985
198,13.922436929683306,9.5276435856146,8.480944712828771,12.104133118625873,26.717659688674182,13.862050456253355,11.33923778851315,0.8655394524959742,0.7648953301127214,2.301395598497048,0.11406333870101985
199,13.345410628019323,10.57434245840043,8.480944712828771,12.077294685990339,26.27482555018787,13.862050456253355,11.33923778851315,0.8655394524959742,0.7648953301127214,2.301395598497048,0.11406333870101985
200,13.506441223832528,10.48040794417606,8.480944712828771,12.050456253354804,26.234567901234566,13.862050456253355,11.33923778851315,0.8655394524959742,0.7648953301127214,2.301395598497048,0.11406333870101985
201,13.687600644122384,10.473698336017177,8.480944712828771,12.06387546967257,26.04669887278583,13.862050456253355,11.33923778851315,0.8655394524959742,0.7648953301127214,2.301395598497048,0.11406333870101985
202,13.79495437466452,10.406602254428341,8.400429414922169,12.06387546967257,26.03327965646806,13.92914653784219,11.33923778851315,0.8655394524959742,0.7648953301127214,2.2879763821792807,0.11406333870101985
203,13.982823403113258,10.406602254428341,8.400429414922169,12.050456253354804,25.925925925925927,13.882179280730005,11.3191089640365,0.8655394524959742,0.7648953301127214,2.2879763821792807,0.11406333870101985
204,14.17740203972088,10.34621578099839,8.400429414922169,11.963231347289318,25.925925925925927,13.83521202361782,11.3191089640365,0.8655394524959742,0.7648953301127214,2.2879763821792807,0.11406333870101985
205,13.862050456253355,10.292538915727322,8.400429414922169,11.54723564143854,25.261674718196456,13.150831991411701,13.466183574879228,0.8655394524959742,0.7514761137949544,2.2879763821792807,0.11406333870101985
206,13.942565754159958,10.25228126677402,8.400429414922169,11.54723564143854,25.261674718196456,13.110574342458401,13.466183574879228,0.8655394524959742,0.7514761137949544,2.2879763821792807,0.11406333870101985
207,14.029790660225443,10.25228126677402,8.400429414922169,11.54723564143854,25.254965110037574,13.070316693505099,13.425925925925926,0.8655394524959742,0.7514761137949544,2.2879763821792807,0.11406333870101985
208,14.13714439076758,10.25228126677402,8.400429414922169,11.668008588298443,25.207997852925388,12.95625335480408,13.385668276972625,0.8387010198604401,0.7514761137949544,2.2879763821792807,0.11406333870101985
209,14.36527106816962,10.25228126677402,8.400429414922169,11.668008588298443,25.05367686527107,12.895866881374127,13.385668276972625,0.8387010198604401,0.7514761137949544,2.2745571658615136,0.11406333870101985
210,14.40552871712292,10.064412238325282,8.400429414922169,10.976918947933441,24.966451959205582,13.882179280730005,13.325281803542673,0.8387010198604401,0.7514761137949544,2.2745571658615136,0.11406333870101985
211,14.459205582393988,10.037573805689748,8.400429414922169,10.976918947933441,24.684648416532475,13.882179280730005,13.325281803542673,0.8387010198604401,0.7514761137949544,2.5295222758990876,0.11406333870101985
212,14.392109500805153,9.977187332259795,7.930756843800322,10.695115405260333,24.65780998389694,13.734567901234568,14.2914653784219,0.8387010198604401,0.8454106280193237,2.522812667740204,0.11406333870101985
213,13.774825550187868,9.970477724100913,7.917337627482555,10.681696188942565,26.207729468599034,12.983091787439614,14.15727321524423,0.8387010198604401,0.8454106280193237,2.509393451422437,0.11406333870101985
214,13.989533011272142,9.970477724100913,7.9039184111647875,10.661567364465915,26.174181427804616,12.915995705850777,14.15727321524423,0.8387010198604401,0.8454106280193237,2.428878153515835,0.11406333870101985
215,14.17740203972088,9.970477724100913,7.883789586688137,10.57434245840043,26.154052603327965,12.855609232420827,14.15727321524423,0.8387010198604401,0.8454106280193237,2.428878153515835,0.11406333870101985
216,14.284755770263017,9.903381642512077,7.883789586688137,10.57434245840043,26.133923778851315,12.855609232420827,14.13714439076758,0.8387010198604401,0.8454106280193237,2.428878153515835,0.11406333870101985
217,14.486044015029522,9.863123993558776,7.883789586688137,10.57434245840043,26.02657004830918,12.828770799785293,14.110305958132045,0.8387010198604401,0.8454106280193237,2.428878153515835,0.11406333870101985
218,14.512882447665056,9.849704777241008,6.353998926462695,10.540794417606012,25.986312399355878,15.432098765432098,14.103596349973161,0.8387010198604401,0.8454106280193237,1.4224369296833066,0.11406333870101985
219,14.606816961889425,9.836285560923242,6.347289318303811,10.540794417606012,25.91250670960816,15.432098765432098,14.103596349973161,0.8387010198604401,0.8454106280193237,1.4224369296833066,0.11406333870101985
220,14.673913043478262,9.836285560923242,6.320450885668277,10.540794417606012,25.89908749329039,15.405260332796564,14.103596349973161,0.8387010198604401,0.8454106280193237,1.4224369296833066,0.11406333870101985
221,14.694041867954912,9.836285560923242,6.320450885668277,10.88298443370907,25.53676865271068,15.405260332796564,14.103596349973161,0.8387010198604401,0.8454106280193237,1.4224369296833066,0.11406333870101985
222,14.935587761674718,9.769189479334408,6.320450885668277,10.95679012345679,25.449543746645197,15.24422973698336,14.103596349973161,0.8387010198604401,0.8454106280193237,1.4224369296833066,0.11406333870101985
223,15.03623188405797,9.769189479334408,6.320450885668277,10.829307568438002,25.42270531400966,15.365002683843263,14.036500268384327,0.8387010198604401,0.8454106280193237,1.4224369296833066,0.11406333870101985
224,15.056360708534621,9.742351046698873,6.293612453032743,10.829307568438002,25.315351583467525,15.344873859366613,14.197530864197532,0.8387010198604401,0.8454106280193237,1.4224369296833066,0.11406333870101985
225,15.190552871712292,9.73564143853999,6.226516371443908,10.923242082662373,25.315351583467525,15.271068169618895,14.11701556629093,0.8387010198604401,0.8454106280193237,1.4224369296833066,0.11406333870101985
226,15.257648953301127,9.73564143853999,6.226516371443908,10.923242082662373,25.281803542673106,15.271068169618895,14.083467525496511,0.8387010198604401,0.8454106280193237,1.4224369296833066,0.11406333870101985
227,15.385131508319914,9.73564143853999,6.226516371443908,10.923242082662373,25.15432098765432,15.271068169618895,14.083467525496511,0.8387010198604401,0.8454106280193237,1.4224369296833066,0.11406333870101985
228,14.935587761674718,9.702093397745571,10.198604401502953,10.762211486849168,23.34272678475577,14.989264626945786,12.634192163177671,1.0534084809447128,0.8454106280193237,1.4224369296833066,0.11406333870101985
229,15.230810520665592,9.702093397745571,10.104669887278583,10.762211486849168,23.235373054213635,14.962426194310252,12.580515297906603,1.0534084809447128,0.8454106280193237,1.4090177133655395,0.11406333870101985
230,15.311325818572195,9.292807300053678,10.091250670960816,10.681696188942565,22.933440687063875,14.861782071927,13.358829844337091,1.0534084809447128,0.8923778851315083,1.4090177133655395,0.11406333870101985
231,15.445517981749866,9.292807300053678,9.98389694041868,10.681696188942565,22.933440687063875,14.861782071927,13.285024154589372,1.0534084809447128,0.8588298443370908,1.4895330112721417,0.11406333870101985
232,15.660225442834138,9.292807300053678,9.96376811594203,10.641438539989265,22.82608695652174,14.821524422973699,13.278314546430488,1.0534084809447128,0.8588298443370908,1.4895330112721417,0.11406333870101985
233,15.552871712292003,9.292807300053678,9.96376811594203,10.809178743961352,23.577563070316693,14.821524422973699,12.47987117552335,1.0534084809447128,0.8588298443370908,1.4761137949543746,0.11406333870101985
234,15.660225442834138,9.205582393988191,9.943639291465379,10.809178743961352,23.416532474503487,15.687063875469672,11.849168008588299,0.9796027911969941,0.8588298443370908,1.4761137949543746,0.11406333870101985
235,15.801127214170693,9.192163177670425,9.762479871175524,10.809178743961352,23.416532474503487,15.687063875469672,11.829039184111648,0.9796027911969941,0.8588298443370908,1.5499194847020934,0.11406333870101985
236,16.056092324208265,9.151905528717123,9.681964573268921,10.795759527643586,23.336017176596886,15.653515834675256,11.829039184111648,0.9796027911969941,0.8588298443370908,1.5432098765432098,0.11406333870101985
237,16.27750939345142,9.151905528717123,9.614868491680086,10.7085346215781,23.30246913580247,15.626677402039721,11.822329575952764,0.9796027911969941,0.8588298443370908,1.5432098765432098,0.11406333870101985
238,16.056092324208265,9.131776704240472,13.533279656468062,10.695115405260333,19.712828770799785,15.566290928609769,11.808910359634996,0.9796027911969941,0.8588298443370908,1.5432098765432098,0.11406333870101985
239,16.15673644659152,9.131776704240472,13.526570048309178,10.695115405260333,19.64573268921095,15.539452495974235,11.808910359634996,0.9796027911969941,0.8588298443370908,1.5432098765432098,0.11406333870101985
240,16.243961352657006,9.118357487922705,13.506441223832528,10.661567364465915,19.605475040257648,15.445517981749866,11.808910359634996,0.9796027911969941,0.9728931830381106,1.5432098765432098,0.11406333870101985
241,16.398282340311326,9.004294149221685,13.47289318303811,10.869565217391305,19.410896403650028,15.425389157273216,11.808910359634996,0.9796027911969941,0.9728931830381106,1.5432098765432098,0.11406333870101985
242,16.552603327965645,9.004294149221685,13.47289318303811,10.84272678475577,19.390767579173378,15.411969940955448,11.728395061728396,0.9796027911969941,0.9594739667203436,1.5432098765432098,0.11406333870101985
243,16.586151368760063,9.004294149221685,13.47289318303811,10.84272678475577,19.35721953837896,15.411969940955448,11.728395061728396,0.9796027911969941,0.9594739667203436,1.5432098765432098,0.11406333870101985
244,16.53918411164788,8.78287707997853,13.365539452495975,10.970209339774557,19.196188942565755,15.203972088030058,12.359098228663447,0.966183574879227,0.9594739667203436,1.5432098765432098,0.11406333870101985
245,16.59286097691895,8.78287707997853,13.352120236178207,10.950080515297907,19.196188942565755,15.203972088030058,12.338969404186795,0.966183574879227,0.9594739667203436,1.5432098765432098,0.11406333870101985
246,16.639828234031132,8.78287707997853,13.352120236178207,10.916532474503489,19.182769726247987,15.203972088030058,12.338969404186795,0.966183574879227,0.9594739667203436,1.5432098765432098,0.11406333870101985
247,16.794149221685455,8.769457863660762,13.305152979066023,11.044015029522276,19.129092860976918,15.083199141170155,12.325550187869029,0.966183574879227,0.9594739667203436,1.5096618357487923,0.11406333870101985
248,16.921631776704242,8.729200214707461,13.305152979066023,11.044015029522276,20.128824476650564,14.016371443907676,12.305421363392378,0.966183574879227,0.9594739667203436,1.5096618357487923,0.11406333870101985
249,16.97530864197531,8.729200214707461,13.305152979066023,11.030595813204508,20.095276435856146,14.016371443907676,12.298711755233494,0.966183574879227,0.9594739667203436,1.5096618357487923,0.11406333870101985
250,17.05582393988191,8.715780998389693,13.305152979066023,11.017176596886742,20.041599570585078,14.016371443907676,12.298711755233494,0.966183574879227,0.9594739667203436,1.5096618357487923,0.11406333870101985
251,17.16988727858293,8.682232957595277,13.305152979066023,10.963499731615673,20.034889962426195,14.016371443907676,12.278582930756844,0.966183574879227,0.9594739667203436,1.5096618357487923,0.11406333870101985
252,17.384594739667204,8.588298443370908,13.305152979066023,10.896403650026839,20.014761137949545,13.996242619431026,12.265163714439076,0.966183574879227,0.9594739667203436,1.5096618357487923,0.11406333870101985
253,17.317498658078367,8.561460010735374,13.493022007514762,10.896403650026839,19.95437466451959,13.996242619431026,12.25174449812131,0.9460547504025765,0.9594739667203436,1.5096618357487923,0.11406333870101985
254,17.344337090713903,8.561460010735374,13.365539452495975,10.896403650026839,19.93424584004294,13.982823403113258,12.25174449812131,0.9460547504025765,0.9594739667203436,1.6438539989264627,0.11406333870101985
255,17.424852388620504,8.561460010735374,13.352120236178207,10.896403650026839,19.89398819108964,13.955984970477724,12.25174449812131,0.9460547504025765,0.9594739667203436,1.6438539989264627,0.11406333870101985
256,17.458400429414922,8.561460010735374,13.331991411701557,10.896403650026839,19.89398819108964,13.955984970477724,12.238325281803542,0.9460547504025765,0.9594739667203436,1.6438539989264627,0.11406333870101985
257,17.485238862050455,8.55475040257649,13.311862587224907,10.896403650026839,19.89398819108964,13.955984970477724,12.238325281803542,0.9460547504025765,0.9594739667203436,1.6438539989264627,0.11406333870101985
258,17.632850241545892,8.548040794417606,13.311862587224907,10.795759527643586,19.880568974771872,13.94927536231884,12.218196457326892,0.9460547504025765,0.9594739667203436,1.6438539989264627,0.11406333870101985
259,17.277241009125067,8.017981749865807,13.271604938271604,10.641438539989265,19.880568974771872,15.056360708534621,12.191358024691358,0.9460547504025765,0.9594739667203436,1.6438539989264627,0.11406333870101985
260,17.351046698872786,8.017981749865807,13.251476113794954,10.621309715512615,19.847020933977454,15.056360708534621,12.191358024691358,0.9460547504025765,0.9594739667203436,1.6438539989264627,0.11406333870101985
261,17.465110037573805,7.937466451959206,13.251476113794954,10.61460010735373,19.82018250134192,15.056360708534621,12.191358024691358,0.9460547504025765,0.9594739667203436,1.6438539989264627,0.11406333870101985
262,17.411433172302736,7.930756843800322,13.251476113794954,10.61460010735373,19.51825013419216,15.056360708534621,12.191358024691358,0.9460547504025765,0.9594739667203436,2.006172839506173,0.11406333870101985
263,17.54562533548041,7.9106280193236715,13.217928073000536,10.601180891035963,19.49141170155663,15.01610305958132,12.191358024691358,0.9460547504025765,0.9594739667203436,2.006172839506173,0.11406333870101985
264,17.612721417069242,7.897208803005904,13.217928073000536,10.601180891035963,19.464573268921097,15.01610305958132,12.164519592055823,0.9460547504025765,0.9594739667203436,2.006172839506173,0.11406333870101985
265,17.59259259259259,7.1658615136876005,14.204240472356414,10.567632850241546,19.296833064949006,14.982555018786902,12.164519592055823,0.9460547504025765,0.9594739667203436,2.006172839506173,0.11406333870101985
266,17.05582393988191,7.1658615136876005,12.352388620504563,10.567632850241546,22.84621578099839,14.486044015029522,11.621041331186259,0.9460547504025765,0.9594739667203436,1.8853998926462694,0.11406333870101985
267,17.196725711218466,7.139023081052066,12.352388620504563,10.520665593129362,22.81266774020397,14.486044015029522,11.58749329039184,0.9460547504025765,0.9594739667203436,1.8853998926462694,0.11406333870101985
268,17.216854535695116,7.139023081052066,12.352388620504563,10.520665593129362,22.81266774020397,14.486044015029522,11.56736446591519,0.9460547504025765,0.9594739667203436,1.8853998926462694,0.11406333870101985
269,17.23027375201288,7.139023081052066,12.352388620504563,10.520665593129362,22.81266774020397,14.472624798711756,11.56736446591519,0.9460547504025765,0.9594739667203436,1.8853998926462694,0.11406333870101985
270,17.371175523349436,7.125603864734299,12.305421363392378,10.520665593129362,22.69860440150295,14.472624798711756,11.480139559849706,0.9460547504025765,1.0802469135802468,1.8853998926462694,0.11406333870101985
271,17.37788513150832,7.105475040257649,12.305421363392378,10.57434245840043,22.685185185185187,14.472624798711756,11.453301127214171,0.9460547504025765,1.0802469135802468,1.8853998926462694,0.11406333870101985
272,17.411433172302736,7.105475040257649,12.298711755233494,10.57434245840043,22.6784755770263,14.459205582393988,11.453301127214171,0.9460547504025765,1.0802469135802468,1.8786902844873858,0.11406333870101985
273,17.53220611916264,7.085346215780999,12.298711755233494,10.57434245840043,22.63150831991412,14.418947933440688,11.446591519055287,0.9393451422436929,1.0802469135802468,1.8786902844873858,0.11406333870101985
274,17.58588298443371,7.085346215780999,12.285292538915728,10.554213633923778,22.34970477724101,14.65378421900161,11.366076221148685,0.9393451422436929,1.0802469135802468,1.9860440150295222,0.11406333870101985
275,17.639559849704778,7.085346215780999,12.285292538915728,10.554213633923778,22.31615673644659,14.63365539452496,11.366076221148685,0.9393451422436929,1.0802469135802468,1.9860440150295222,0.11406333870101985
276,17.72007514761138,7.085346215780999,12.25174449812131,10.540794417606012,22.18196457326892,14.774557165861514,11.332528180354267,0.9393451422436929,1.0802469135802468,1.9793344068706387,0.11406333870101985
277,17.66639828234031,6.964573268921095,12.238325281803542,10.621309715512615,22.15512614063339,14.969135802469136,11.272141706924316,0.9393451422436929,1.0802469135802468,1.9793344068706387,0.11406333870101985
278,17.773752012882447,6.964573268921095,12.204777241009126,10.621309715512615,22.108158883521202,14.969135802469136,11.245303274288782,0.9393451422436929,1.0802469135802468,1.9793344068706387,0.11406333870101985
279,17.954911433172303,6.964573268921095,12.151100375738057,10.621309715512615,22.108158883521202,14.955716586151368,11.131239935587761,0.9393451422436929,1.0802469135802468,1.9793344068706387,0.11406333870101985
280,17.975040257648953,6.944444444444445,12.151100375738057,10.621309715512615,21.497584541062803,15.566290928609769,11.131239935587761,0.9393451422436929,1.0802469135802468,1.9793344068706387,0.11406333870101985
281,18.129361245303276,6.944444444444445,12.13768115942029,10.50053676865271,21.390230810520666,15.566290928609769,11.124530327428879,0.9393451422436929,1.1741814278046163,1.9793344068706387,0.11406333870101985
282,18.256843800322063,6.944444444444445,12.13768115942029,10.50053676865271,21.289586688137412,15.559581320450885,11.104401502952227,0.9393451422436929,1.1741814278046163,1.9793344068706387,0.11406333870101985
283,18.23671497584541,6.9243156199677935,11.882716049382717,10.607890499194847,21.07487922705314,15.479066022544284,11.627750939345143,0.9393451422436929,1.1741814278046163,1.9390767579173376,0.11406333870101985
284,18.625872249060656,6.9243156199677935,11.58749329039184,10.587761674718196,21.068169618894256,15.479066022544284,11.560654857756306,0.9393451422436929,1.1741814278046163,1.9390767579173376,0.11406333870101985
285,18.679549114331724,6.9243156199677935,11.33923778851315,10.57434245840043,21.007783145464305,15.458937198067632,11.560654857756306,0.9393451422436929,1.1674718196457328,2.2342995169082127,0.11406333870101985
286,18.78690284487386,6.890767579173376,11.33923778851315,10.554213633923778,20.954106280193237,15.458937198067632,11.560654857756306,0.9393451422436929,1.1674718196457328,2.2342995169082127,0.11406333870101985
287,18.78690284487386,6.890767579173376,11.33923778851315,10.554213633923778,20.954106280193237,15.458937198067632,11.560654857756306,0.9393451422436929,1.1674718196457328,2.2342995169082127,0.11406333870101985
288,18.887546967257112,6.890767579173376,11.33923778851315,10.554213633923778,20.873590982286636,15.438808373590982,11.560654857756306,0.9393451422436929,1.1674718196457328,2.2342995169082127,0.11406333870101985
289,18.927804616210413,6.863929146537842,11.33923778851315,10.554213633923778,20.860171765968868,15.438808373590982,11.560654857756306,0.9393451422436929,1.1674718196457328,2.2342995169082127,0.11406333870101985
290,18.840579710144926,6.843800322061192,11.3191089640365,10.554213633923778,20.699141170155663,15.438808373590982,11.332528180354267,0.9393451422436929,1.1137949543746646,2.804616210413312,0.11406333870101985
291,18.887546967257112,6.816961889425658,11.3191089640365,10.48040794417606,20.645464304884594,15.546162104133119,11.332528180354267,0.9393451422436929,1.1137949543746646,2.804616210413312,0.11406333870101985
292,18.92109500805153,6.790123456790123,11.292270531400966,10.547504025764896,20.618625872249062,15.546162104133119,11.332528180354267,0.9393451422436929,1.1137949543746646,2.7844873859366612,0.11406333870101985
293,18.968062265163713,6.790123456790123,11.292270531400966,10.547504025764896,20.585077831454644,15.53274288781535,11.332528180354267,0.9393451422436929,1.1137949543746646,2.7844873859366612,0.11406333870101985
294,18.968062265163713,6.790123456790123,11.292270531400966,10.547504025764896,20.585077831454644,15.53274288781535,11.332528180354267,0.9393451422436929,1.1137949543746646,2.7844873859366612,0.11406333870101985
295,19.07541599570585,6.790123456790123,11.265432098765432,10.547504025764896,20.558239398819108,15.526033279656469,11.305689747718732,0.9393451422436929,1.1137949543746646,2.7643585614600106,0.11406333870101985
296,19.236446591519055,6.790123456790123,11.265432098765432,10.63472893183038,20.511272141706925,15.526033279656469,11.131239935587761,0.9393451422436929,1.107085346215781,2.7442297369833604,0.11406333870101985
297,19.33709071390231,6.769994632313473,11.265432098765432,10.607890499194847,20.511272141706925,15.526033279656469,11.077563070316694,0.9393451422436929,1.107085346215781,2.7442297369833604,0.11406333870101985
298,19.51154052603328,6.66935050993022,11.265432098765432,10.581052066559312,20.497852925389157,15.519323671497585,11.05072463768116,0.9393451422436929,1.107085346215781,2.7442297369833604,0.11406333870101985
299,19.57192699946323,6.642512077294686,11.265432098765432,10.581052066559312,20.497852925389157,15.485775630703166,11.05072463768116,0.9393451422436929,1.107085346215781,2.7442297369833604,0.11406333870101985
300,18.592324208266238,6.353998926462695,13.962694578636608,10.426731078904991,19.665861513687602,14.922168545356952,11.614331723027375,0.8051529790660226,0.9125067096081588,2.6301663982823404,0.11406333870101985
301,18.632581857219538,6.353998926462695,13.94927536231884,10.426731078904991,19.665861513687602,14.895330112721417,11.614331723027375,0.8051529790660226,0.9125067096081588,2.6301663982823404,0.11406333870101985
302,18.686258722490606,6.333870101986044,13.94927536231884,10.406602254428341,19.652442297369834,14.781266774020397,11.580783682232958,0.8051529790660226,0.8990874932903918,2.791196994095545,0.11406333870101985
303,18.719806763285025,6.333870101986044,13.935856146001074,10.406602254428341,19.652442297369834,14.76784755770263,11.580783682232958,0.8051529790660226,0.8990874932903918,2.7844873859366612,0.11406333870101985
304,18.733225979602793,6.333870101986044,13.935856146001074,10.406602254428341,19.652442297369834,14.76784755770263,11.56736446591519,0.8051529790660226,0.8990874932903918,2.7844873859366612,0.11406333870101985
305,18.867418142780462,6.226516371443908,13.90901771336554,10.339506172839506,19.612184648416534,14.888620504562533,11.56736446591519,0.8051529790660226,0.8856682769726248,2.7844873859366612,0.11406333870101985
306,19.11567364465915,6.226516371443908,13.882179280730005,10.339506172839506,19.578636607622116,14.700751476113794,11.56736446591519,0.8051529790660226,0.8856682769726248,2.7844873859366612,0.11406333870101985
307,19.11567364465915,6.226516371443908,13.882179280730005,10.339506172839506,19.578636607622116,14.700751476113794,11.56736446591519,0.8051529790660226,0.8856682769726248,2.7844873859366612,0.11406333870101985
308,19.108964036500268,6.226516371443908,13.56682769726248,10.601180891035963,19.41760601180891,14.680622651637144,11.808910359634996,0.8051529790660226,0.8856682769726248,2.7844873859366612,0.11406333870101985
309,19.122383252818036,6.219806763285024,13.56682769726248,10.601180891035963,19.410896403650028,14.680622651637144,11.808910359634996,0.8051529790660226,0.8856682769726248,2.7844873859366612,0.11406333870101985
310,19.276704240472355,6.219806763285024,13.446054750402576,10.567632850241546,19.410896403650028,14.680622651637144,11.808910359634996,0.8051529790660226,0.8856682769726248,2.7844873859366612,0.11406333870101985
311,19.236446591519055,6.1929683306494905,13.09044551798175,10.641438539989265,19.887278582930758,14.63365539452496,11.768652710681696,0.8051529790660226,0.8588298443370908,2.771068169618894,0.11406333870101985
312,19.11567364465915,6.0654857756307035,12.99651100375738,10.641438539989265,19.840311325818572,14.15727321524423,12.493290391841116,0.8051529790660226,0.8588298443370908,2.9119699409554483,0.11406333870101985
313,19.229736983360173,6.0654857756307035,12.983091787439614,10.63472893183038,19.786634460547504,14.11701556629093,12.493290391841116,0.8051529790660226,0.8588298443370908,2.9119699409554483,0.11406333870101985
314,19.37734836285561,6.0587761674718195,12.848899624261943,10.63472893183038,19.77992485238862,14.11701556629093,12.493290391841116,0.8051529790660226,0.8588298443370908,2.9119699409554483,0.11406333870101985
315,19.49141170155663,6.0587761674718195,12.828770799785293,10.63472893183038,19.77992485238862,14.023081052066559,12.493290391841116,0.8051529790660226,0.8588298443370908,2.9119699409554483,0.11406333870101985
316,19.592055823939884,6.052066559312936,12.801932367149758,10.63472893183038,19.766505636070853,13.935856146001074,12.446323134728932,0.798443370907139,0.8588298443370908,2.999194847020934,0.11406333870101985
317,19.672571121846484,5.998389694041868,12.76838432635534,10.601180891035963,19.719538378958667,14.023081052066559,12.446323134728932,0.798443370907139,0.8588298443370908,2.999194847020934,0.11406333870101985
318,19.73966720343532,5.998389694041868,12.701288244766506,10.527375201288244,19.659151905528716,13.385668276972625,13.546698872785829,0.5636070853462157,0.8588298443370908,2.9052603327965647,0.11406333870101985
319,19.786634460547504,5.998389694041868,12.701288244766506,10.513955984970478,19.659151905528716,13.352120236178207,13.546698872785829,0.5636070853462157,0.8588298443370908,2.9052603327965647,0.11406333870101985
320,19.860440150295222,5.998389694041868,12.701288244766506,10.487117552334944,19.659151905528716,13.318572195383789,13.533279656468062,0.5636070853462157,0.8588298443370908,2.9052603327965647,0.11406333870101985
321,19.93424584004294,5.998389694041868,12.701288244766506,10.487117552334944,19.612184648416534,13.305152979066023,13.533279656468062,0.5636070853462157,0.8454106280193237,2.9052603327965647,0.11406333870101985
322,20.041599570585078,5.998389694041868,12.620772946859903,10.487117552334944,19.612184648416534,13.278314546430488,13.533279656468062,0.5636070853462157,0.8454106280193237,2.9052603327965647,0.11406333870101985
323,20.081857219538378,5.998389694041868,12.620772946859903,10.487117552334944,19.585346215780998,13.264895330112722,13.533279656468062,0.5636070853462157,0.8454106280193237,2.9052603327965647,0.11406333870101985
324,20.12211486849168,5.998389694041868,12.620772946859903,10.466988727858293,19.585346215780998,13.211218464841654,13.607085346215781,0.5636070853462157,0.8454106280193237,2.8650026838432634,0.11406333870101985
325,20.175791733762747,5.998389694041868,12.573805689747719,10.466988727858293,19.558507783145465,13.238056897477188,13.600375738056897,0.5636070853462157,0.8454106280193237,2.8650026838432634,0.11406333870101985
326,20.1959205582394,5.998389694041868,12.573805689747719,10.46027911969941,19.87385936661299,12.915995705850777,13.593666129898015,0.5636070853462157,0.8454106280193237,2.8650026838432634,0.11406333870101985
327,20.229468599033815,5.998389694041868,12.560386473429952,10.46027911969941,19.87385936661299,12.915995705850777,13.593666129898015,0.5636070853462157,0.8454106280193237,2.844873859366613,0.11406333870101985
328,20.29656468062265,5.991680085882985,12.546967257112184,10.44015029522276,19.847020933977454,12.915995705850777,13.593666129898015,0.5636070853462157,0.8454106280193237,2.844873859366613,0.11406333870101985
329,20.46430488459474,5.991680085882985,12.546967257112184,10.413311862587225,19.786634460547504,12.902576489533011,13.526570048309178,0.5636070853462157,0.8454106280193237,2.844873859366613,0.11406333870101985
330,20.564949006977994,5.991680085882985,12.493290391841116,10.399892646269459,19.766505636070853,12.902576489533011,13.513150831991412,0.5636070853462157,0.8454106280193237,2.844873859366613,0.11406333870101985
331,20.598497047772412,5.991680085882985,12.493290391841116,10.399892646269459,19.766505636070853,12.902576489533011,13.479602791196994,0.5636070853462157,0.8454106280193237,2.844873859366613,0.11406333870101985
332,20.75281803542673,5.991680085882985,12.473161567364466,10.399892646269459,19.685990338164252,12.848899624261943,13.479602791196994,0.5636070853462157,0.8454106280193237,2.844873859366613,0.11406333870101985
333,20.75281803542673,5.991680085882985,12.473161567364466,10.399892646269459,19.685990338164252,12.848899624261943,13.479602791196994,0.5636070853462157,0.8454106280193237,2.844873859366613,0.11406333870101985
334,20.73268921095008,5.991680085882985,12.352388620504563,10.513955984970478,19.981213097155127,12.828770799785293,13.157541599570585,0.5636070853462157,0.8454106280193237,2.918679549114332,0.11406333870101985
335,20.819914117015568,5.958132045088567,12.31213097155126,10.513955984970478,19.981213097155127,12.828770799785293,13.144122383252817,0.5636070853462157,0.8454106280193237,2.918679549114332,0.11406333870101985
336,20.853462157809982,5.958132045088567,12.305421363392378,10.493827160493828,19.91411701556629,12.902576489533011,13.137412775093935,0.5636070853462157,0.8454106280193237,2.9119699409554483,0.11406333870101985
337,20.739398819108963,5.958132045088567,12.305421363392378,10.426731078904991,19.860440150295222,13.271604938271604,13.003220611916264,0.5636070853462157,0.8454106280193237,2.9119699409554483,0.11406333870101985
338,20.779656468062264,5.958132045088567,12.305421363392378,10.420021470746109,19.860440150295222,13.271604938271604,12.969672571121846,0.5636070853462157,0.8454106280193237,2.9119699409554483,0.11406333870101985
339,20.86688137412775,5.958132045088567,12.29200214707461,10.406602254428341,19.806763285024154,13.271604938271604,12.962962962962964,0.5636070853462157,0.8454106280193237,2.9119699409554483,0.11406333870101985
340,20.96081588835212,5.958132045088567,12.25174449812131,10.393183038110575,19.806763285024154,13.251476113794954,12.942834138486312,0.5636070853462157,0.8454106280193237,2.9119699409554483,0.11406333870101985
341,21.175523349436393,5.958132045088567,12.191358024691358,10.393183038110575,19.746376811594203,13.16425120772947,12.93612453032743,0.5636070853462157,0.8454106280193237,2.9119699409554483,0.11406333870101985
342,21.26274825550188,5.9514224369296835,12.184648416532475,10.373054213633925,19.726247987117553,13.16425120772947,12.902576489533011,0.5636070853462157,0.8454106280193237,2.9119699409554483,0.11406333870101985
343,21.316425120772948,5.9514224369296835,12.184648416532475,10.373054213633925,19.726247987117553,13.150831991411701,12.781803542673108,0.5636070853462157,0.95276435856146,2.885131508319914,0.11406333870101985
344,21.43719806763285,5.9514224369296835,12.184648416532475,10.373054213633925,19.49812130971551,13.150831991411701,12.889157273215245,0.5636070853462157,0.95276435856146,2.885131508319914,0.11406333870101985
345,21.477455716586153,5.9514224369296835,12.184648416532475,10.352925389157273,19.484702093397747,13.150831991411701,12.882447665056361,0.5636070853462157,0.95276435856146,2.885131508319914,0.11406333870101985
346,21.410359634997317,5.931293612453032,12.184648416532475,9.453837895866881,20.497852925389157,13.298443370907139,12.70799785292539,0.5636070853462157,0.95276435856146,2.885131508319914,0.11406333870101985
347,21.564680622651636,5.924584004294149,12.077294685990339,9.453837895866881,20.471014492753625,13.285024154589372,12.70799785292539,0.5636070853462157,0.95276435856146,2.885131508319914,0.11406333870101985
348,21.72571121846484,5.884326355340848,12.050456253354804,9.453837895866881,20.44417606011809,13.258185721953838,12.667740203972087,0.5636070853462157,0.95276435856146,2.885131508319914,0.11406333870101985
349,21.786097691894792,5.884326355340848,12.050456253354804,9.426999463231347,20.43075684380032,13.238056897477188,12.667740203972087,0.5636070853462157,0.95276435856146,2.885131508319914,0.11406333870101985
350,21.91358024691358,5.850778314546431,12.016908212560386,9.426999463231347,20.37037037037037,13.238056897477188,12.667740203972087,0.5636070853462157,0.95276435856146,2.885131508319914,0.11406333870101985
351,22.074610842726784,5.837359098228664,12.00348899624262,9.420289855072463,20.316693505099302,13.22463768115942,12.607353730542137,0.5636070853462157,0.95276435856146,2.885131508319914,0.11406333870101985
352,22.27589908749329,5.837359098228664,11.855877616747183,9.41358024691358,20.276435856146,13.22463768115942,12.600644122383253,0.5636070853462157,0.95276435856146,2.885131508319914,0.11406333870101985
353,22.289318303811058,5.837359098228664,11.855877616747183,9.41358024691358,20.276435856146,13.217928073000536,12.600644122383253,0.5636070853462157,0.95276435856146,2.8784219001610305,0.11406333870101985
354,22.436929683306495,5.803811057434245,11.855877616747183,9.400161030595813,20.26972624798712,13.197799248523886,12.526838432635534,0.5636070853462157,0.95276435856146,2.8784219001610305,0.11406333870101985
355,22.497316156736446,5.803811057434245,11.855877616747183,9.494095544820183,20.162372517444982,13.197799248523886,12.47987117552335,0.5636070853462157,0.95276435856146,2.8784219001610305,0.11406333870101985
356,22.75228126677402,5.803811057434245,11.654589371980677,9.621578099838969,20.02818035426731,13.197799248523886,12.47987117552335,0.5636070853462157,0.95276435856146,2.831454643048846,0.11406333870101985
357,22.799248523886206,5.803811057434245,11.627750939345143,9.608158883521202,20.02818035426731,13.191089640365004,12.47987117552335,0.5636070853462157,0.95276435856146,2.831454643048846,0.11406333870101985
358,22.886473429951693,5.803811057434245,11.627750939345143,9.608158883521202,20.00805152979066,13.150831991411701,12.453032742887816,0.5636070853462157,0.95276435856146,2.831454643048846,0.11406333870101985
359,23.027375201288244,5.803811057434245,11.500268384326356,9.608158883521202,20.001341921631777,13.144122383252817,12.453032742887816,0.5636070853462157,0.95276435856146,2.831454643048846,0.11406333870101985
360,23.081052066559312,5.803811057434245,11.500268384326356,9.608158883521202,19.94766505636071,13.144122383252817,12.453032742887816,0.5636070853462157,0.95276435856146,2.831454643048846,0.11406333870101985
361,23.544015029522274,5.783682232957595,11.486849168008588,9.534353193773484,19.685990338164252,13.123993558776167,12.379227053140097,0.5636070853462157,0.95276435856146,2.831454643048846,0.11406333870101985
362,23.564143853998928,5.703166935050993,11.486849168008588,9.66183574879227,19.618894256575416,13.123993558776167,12.379227053140097,0.5636070853462157,0.95276435856146,2.831454643048846,0.11406333870101985
363,23.64465915190553,5.669618894256575,11.486849168008588,9.64170692431562,19.618894256575416,13.097155126140633,12.379227053140097,0.5636070853462157,0.95276435856146,2.831454643048846,0.11406333870101985
364,23.772141706924316,5.669618894256575,11.453301127214171,9.64170692431562,19.592055823939884,13.043478260869565,12.365807836822329,0.5636070853462157,0.95276435856146,2.831454643048846,0.11406333870101985
365,23.61111111111111,5.669618894256575,12.211486849168008,9.41358024691358,19.585346215780998,13.023349436392914,12.02361782071927,0.5636070853462157,0.95276435856146,2.831454643048846,0.11406333870101985
366,23.557434245840042,5.662909286097692,13.238056897477188,9.373322597960279,19.692699946323135,12.875738056897477,11.137949543746645,0.5636070853462157,0.95276435856146,2.831454643048846,0.11406333870101985
367,23.58427267847558,5.662909286097692,13.238056897477188,9.373322597960279,19.692699946323135,12.875738056897477,11.11111111111111,0.5636070853462157,0.95276435856146,2.831454643048846,0.11406333870101985
368,23.64465915190553,5.649490069779925,13.238056897477188,9.373322597960279,19.665861513687602,12.875738056897477,11.09098228663446,0.5636070853462157,0.95276435856146,2.831454643048846,0.11406333870101985
369,23.72517444981213,5.636070853462158,13.238056897477188,9.373322597960279,19.618894256575416,12.86231884057971,11.084272678475577,0.5636070853462157,0.95276435856146,2.831454643048846,0.11406333870101985
370,24.04723564143854,5.636070853462158,13.083735909822867,9.655126140633387,19.41760601180891,12.734836285560924,11.084272678475577,0.49651100375738055,0.95276435856146,2.7777777777777777,0.11406333870101985
371,24.168008588298445,5.636070853462158,13.056897477187333,9.634997316156737,19.390767579173378,12.734836285560924,11.037305421363392,0.49651100375738055,0.95276435856146,2.7777777777777777,0.11406333870101985
372,24.302200751476114,5.636070853462158,13.050187869028449,9.628287707997853,19.350509930220074,12.654320987654321,11.037305421363392,0.49651100375738055,0.95276435856146,2.7777777777777777,0.11406333870101985
373,24.040526033279658,5.636070853462158,12.325550187869029,9.628287707997853,20.42404723564144,12.580515297906603,11.037305421363392,0.49651100375738055,0.95276435856146,2.7643585614600106,0.11406333870101985
374,23.993558776167472,5.636070853462158,12.298711755233494,9.601449275362318,20.397208803005906,12.70799785292539,11.037305421363392,0.49651100375738055,0.95276435856146,2.7643585614600106,0.11406333870101985
375,24.06736446591519,5.615942028985507,12.265163714439076,9.601449275362318,20.39049919484702,12.70799785292539,11.023886205045626,0.49651100375738055,0.95276435856146,2.7643585614600106,0.11406333870101985
376,24.208266237251745,5.615942028985507,12.265163714439076,9.601449275362318,20.323403113258184,12.647611379495437,11.010466988727858,0.49651100375738055,0.95276435856146,2.7643585614600106,0.11406333870101985
377,23.872785829307567,5.615942028985507,12.238325281803542,9.601449275362318,20.209339774557165,12.27187332259796,11.869296833064949,0.49651100375738055,0.95276435856146,2.757648953301127,0.11406333870101985
378,23.906333870101985,5.615942028985507,12.238325281803542,9.601449275362318,20.182501341921633,12.265163714439076,11.869296833064949,0.49651100375738055,0.95276435856146,2.757648953301127,0.11406333870101985
379,24.00697799248524,5.615942028985507,12.238325281803542,9.601449275362318,20.128824476650564,12.238325281803542,11.869296833064949,0.49651100375738055,0.95276435856146,2.737520128824477,0.11406333870101985
380,24.033816425120772,5.615942028985507,12.238325281803542,9.588030059044552,20.128824476650564,12.238325281803542,11.855877616747183,0.49651100375738055,0.95276435856146,2.737520128824477,0.11406333870101985
381,24.053945249597422,5.615942028985507,12.238325281803542,9.588030059044552,20.128824476650564,12.238325281803542,11.83574879227053,0.49651100375738055,0.95276435856146,2.737520128824477,0.11406333870101985
382,24.060654857756308,5.615942028985507,12.23161567364466,9.588030059044552,20.128824476650564,12.238325281803542,11.83574879227053,0.49651100375738055,0.95276435856146,2.737520128824477,0.11406333870101985
383,23.336017176596886,5.615942028985507,12.23161567364466,9.158615136876007,21.833064949006978,11.708266237251744,11.822329575952764,0.48980139559849706,0.95276435856146,2.737520128824477,0.11406333870101985
384,23.356146001073537,5.589103596349974,12.204777241009126,9.380032206119163,21.806226516371442,11.708266237251744,11.66129898013956,0.48980139559849706,0.95276435856146,2.737520128824477,0.11406333870101985
385,23.376274825550187,5.589103596349974,12.204777241009126,9.366612989801396,21.79951690821256,11.708266237251744,11.66129898013956,0.48980139559849706,0.95276435856146,2.737520128824477,0.11406333870101985
386,23.463499731615673,5.589103596349974,12.204777241009126,9.346484165324744,21.71900161030596,11.594202898550725,11.60762211486849,0.48980139559849706,1.0332796564680622,2.8381642512077296,0.11406333870101985
387,23.64465915190553,5.555555555555555,12.204777241009126,9.312936124530328,21.64519592055824,11.553945249597424,11.60762211486849,0.48980139559849706,1.0332796564680622,2.8381642512077296,0.11406333870101985
388,23.852657004830917,5.481749865807837,12.198067632850242,9.312936124530328,21.591519055287172,11.553945249597424,11.533816425120772,0.48980139559849706,1.0332796564680622,2.8381642512077296,0.11406333870101985
389,24.10762211486849,5.360976918947934,12.191358024691358,9.29951690821256,21.571390230810522,11.486849168008588,11.533816425120772,0.48980139559849706,1.0332796564680622,2.8113258185721954,0.11406333870101985
390,24.14787976382179,5.360976918947934,12.191358024691358,9.29951690821256,21.537842190016104,11.486849168008588,11.52710681696189,0.48980139559849706,1.0332796564680622,2.8113258185721954,0.11406333870101985
391,24.194847020933977,5.360976918947934,12.191358024691358,9.29951690821256,21.490874932903917,11.486849168008588,11.52710681696189,0.48980139559849706,1.0332796564680622,2.8113258185721954,0.11406333870101985
392,24.235104669887278,5.360976918947934,12.13768115942029,9.23913043478261,21.484165324745035,11.621041331186259,11.486849168008588,0.48980139559849706,1.0198604401502953,2.8113258185721954,0.11406333870101985
393,24.46323134728932,5.213365539452496,12.070585077831455,9.346484165324744,21.4573268921095,11.621041331186259,11.392914653784219,0.48980139559849706,1.0198604401502953,2.8113258185721954,0.11406333870101985
394,24.664519592055825,5.213365539452496,12.02361782071927,9.346484165324744,21.423778851315085,11.52710681696189,11.392914653784219,0.48980139559849706,1.0198604401502953,2.7844873859366612,0.11406333870101985
395,24.704777241009126,5.213365539452496,11.996779388083736,9.339774557165862,21.4170692431562,11.52710681696189,11.392914653784219,0.48980139559849706,1.0198604401502953,2.7844873859366612,0.11406333870101985
396,24.4699409554482,5.186527106816962,11.969940955448202,9.23913043478261,22.020933977455716,11.513687600644122,11.392914653784219,0.48980139559849706,0.8319914117015567,2.771068169618894,0.11406333870101985
397,24.590713902308106,5.186527106816962,11.963231347289318,9.16532474503489,22.000805152979066,11.493558776167472,11.392914653784219,0.48980139559849706,0.8319914117015567,2.771068169618894,0.11406333870101985
398,24.698067632850243,5.186527106816962,11.963231347289318,9.16532474503489,21.920289855072465,11.493558776167472,11.366076221148685,0.48980139559849706,0.8319914117015567,2.771068169618894,0.11406333870101985
399,24.892646269457863,5.186527106816962,11.963231347289318,9.151905528717123,21.76596886741814,11.473429951690822,11.3593666129898,0.48980139559849706,0.8319914117015567,2.771068169618894,0.11406333870101985
400,24.84567901234568,5.032206119162641,11.963231347289318,9.064680622651638,21.76596886741814,11.802200751476114,11.3191089640365,0.48980139559849706,0.8319914117015567,2.771068169618894,0.11406333870101985
401,24.644390767579175,5.032206119162641,11.60762211486849,9.836285560923242,21.752549651100377,11.748523886205046,11.272141706924316,0.48980139559849706,0.8319914117015567,2.6704240472356413,0.11406333870101985
402,24.738325281803544,5.032206119162641,11.594202898550725,9.829575952764358,21.712292002147073,11.748523886205046,11.245303274288782,0.4830917874396135,0.8319914117015567,2.6704240472356413,0.11406333870101985
403,24.892646269457863,5.032206119162641,11.480139559849706,9.88996242619431,21.611647879763822,11.748523886205046,11.245303274288782,0.4830917874396135,0.8319914117015567,2.6704240472356413,0.11406333870101985
404,24.92619431025228,5.032206119162641,11.480139559849706,9.88996242619431,21.584809447128286,11.741814278046162,11.245303274288782,0.4830917874396135,0.8319914117015567,2.6704240472356413,0.11406333870101985
405,24.993290391841118,5.032206119162641,11.480139559849706,9.990606548577563,21.537842190016104,11.634460547504025,11.231884057971014,0.4830917874396135,0.8319914117015567,2.6704240472356413,0.11406333870101985
406,25.067096081588836,5.032206119162641,11.480139559849706,9.96376811594203,21.537842190016104,11.58749329039184,11.231884057971014,0.4830917874396135,0.8319914117015567,2.6704240472356413,0.11406333870101985
407,25.261674718196456,4.99194847020934,11.439881910896403,9.856414385399892,21.531132581857218,11.453301127214171,11.372785829307569,0.4830917874396135,0.8319914117015567,2.6637144390767578,0.11406333870101985
408,25.328770799785293,4.99194847020934,11.406333870101985,9.856414385399892,21.504294149221685,11.453301127214171,11.366076221148685,0.4830917874396135,0.8319914117015567,2.6637144390767578,0.11406333870101985
409,25.369028448738593,4.99194847020934,11.399624261943103,9.849704777241008,21.484165324745035,11.446591519055287,11.366076221148685,0.4830917874396135,0.8319914117015567,2.6637144390767578,0.11406333870101985
410,25.37573805689748,4.99194847020934,11.392914653784219,9.849704777241008,21.484165324745035,11.446591519055287,11.366076221148685,0.4830917874396135,0.8319914117015567,2.6637144390767578,0.11406333870101985
411,25.43612453032743,4.99194847020934,11.392914653784219,9.822866344605474,21.484165324745035,11.41304347826087,11.366076221148685,0.4830917874396135,0.8319914117015567,2.6637144390767578,0.11406333870101985
412,25.483091787439612,4.978529253891573,11.392914653784219,9.822866344605474,21.464036500268385,11.41304347826087,11.352657004830919,0.4830917874396135,0.8319914117015567,2.6637144390767578,0.11406333870101985
413,25.509930220075148,4.9651100375738055,11.29898013955985,9.936929683306495,21.464036500268385,11.41304347826087,11.3191089640365,0.4830917874396135,0.8319914117015567,2.6637144390767578,0.11406333870101985
414,25.55689747718733,4.9651100375738055,11.292270531400966,9.916800858829845,21.443907675791735,11.386205045625335,11.3593666129898,0.4830917874396135,0.8319914117015567,2.6502952227589907,0.11406333870101985
415,25.825281803542673,4.944981213097155,11.292270531400966,9.916800858829845,21.443907675791735,11.178207192699947,11.231884057971014,0.4830917874396135,0.8319914117015567,2.737520128824477,0.11406333870101985
416,25.825281803542673,4.944981213097155,11.238593666129898,10.057702630166398,21.35668276972625,11.178207192699947,11.231884057971014,0.4830917874396135,0.8319914117015567,2.737520128824477,0.11406333870101985
417,25.959473966720342,4.944981213097155,11.238593666129898,10.050993022007514,21.26945786366076,11.178207192699947,11.231884057971014,0.4830917874396135,0.8319914117015567,2.6972624798711755,0.11406333870101985
418,26.100375738056897,4.884594739667204,11.18491680085883,10.044283413848632,21.24932903918411,11.178207192699947,11.231884057971014,0.4830917874396135,0.8319914117015567,2.6972624798711755,0.11406333870101985
419,26.174181427804616,4.87788513150832,11.158078368223295,10.044283413848632,21.24932903918411,11.16478797638218,11.20504562533548,0.4830917874396135,0.8319914117015567,2.6972624798711755,0.11406333870101985
420,26.113794954374665,4.824208266237251,11.131239935587761,10.030864197530864,21.24932903918411,11.09098228663446,11.16478797638218,0.4830917874396135,1.1003757380568975,2.6972624798711755,0.11406333870101985
421,26.174181427804616,4.824208266237251,11.104401502952227,10.030864197530864,21.24932903918411,11.057434245840042,11.16478797638218,0.4830917874396135,1.1003757380568975,2.6972624798711755,0.11406333870101985
422,26.174181427804616,4.824208266237251,11.104401502952227,10.030864197530864,21.24932903918411,11.057434245840042,11.16478797638218,0.4830917874396135,1.1003757380568975,2.6972624798711755,0.11406333870101985
423,25.999731615673646,4.49543746645196,11.077563070316694,10.030864197530864,21.20907139023081,11.788781535158346,11.003757380568974,0.4830917874396135,1.1003757380568975,2.6972624798711755,0.11406333870101985
424,25.644122383252817,4.30756843800322,11.07085346215781,9.64170692431562,22.450348899624263,11.788781535158346,10.715244229736983,0.4830917874396135,1.1003757380568975,2.6838432635534084,0.11406333870101985
425,25.53676865271068,4.2203435319377345,11.285560923242082,9.64170692431562,22.443639291465377,11.782071926999464,10.715244229736983,0.47638217928073,1.1003757380568975,2.6838432635534084,0.11406333870101985
426,25.59044551798175,4.2203435319377345,11.285560923242082,9.634997316156737,22.396672034353195,11.782071926999464,10.715244229736983,0.47638217928073,1.1003757380568975,2.6838432635534084,0.11406333870101985
427,25.751476113794954,4.193505099302201,11.258722490606548,9.614868491680086,22.356414385399894,11.81561996779388,10.63472893183038,0.47638217928073,1.1003757380568975,2.6838432635534084,0.11406333870101985
428,25.805152979066023,4.193505099302201,11.258722490606548,9.588030059044552,22.356414385399894,11.81561996779388,10.607890499194847,0.47638217928073,1.1003757380568975,2.6838432635534084,0.11406333870101985
429,25.81857219538379,4.180085882984434,11.258722490606548,9.588030059044552,22.356414385399894,11.81561996779388,10.607890499194847,0.47638217928073,1.1003757380568975,2.6838432635534084,0.11406333870101985
430,25.91250670960816,4.180085882984434,11.211755233494364,9.561191626409018,22.356414385399894,11.83574879227053,10.567632850241546,0.47638217928073,1.1003757380568975,2.6838432635534084,0.11406333870101985
431,25.959473966720342,4.166666666666667,11.211755233494364,9.54777241009125,22.33628556092324,11.83574879227053,10.567632850241546,0.47638217928073,1.1003757380568975,2.6838432635534084,0.11406333870101985
432,26.160762211486848,4.166666666666667,11.198336017176597,9.520933977455716,22.17525496511004,11.83574879227053,10.567632850241546,0.47638217928073,1.1003757380568975,2.6838432635534084,0.11406333870101985
433,26.160762211486848,4.166666666666667,11.131239935587761,9.380032206119163,22.50402576489533,11.83574879227053,10.446859903381643,0.47638217928073,1.1003757380568975,2.6838432635534084,0.11406333870101985
434,26.214439076757916,4.166666666666667,11.117820719269995,9.366612989801396,22.497316156736446,11.83574879227053,10.446859903381643,0.47638217928073,1.1003757380568975,2.6637144390767578,0.11406333870101985
435,26.281535158346752,4.166666666666667,11.117820719269995,9.359903381642512,22.48389694041868,11.81561996779388,10.420021470746109,0.47638217928073,1.1003757380568975,2.6637144390767578,0.11406333870101985
436,26.341921631776703,4.166666666666667,11.11111111111111,9.359903381642512,22.457058507783145,11.81561996779388,10.420021470746109,0.47638217928073,1.1003757380568975,2.636876006441224,0.11406333870101985
437,26.50295222758991,4.166666666666667,11.07085346215781,9.359903381642512,22.396672034353195,11.75523349436393,10.420021470746109,0.47638217928073,1.1003757380568975,2.636876006441224,0.11406333870101985
438,26.570048309178745,4.166666666666667,11.07085346215781,9.359903381642512,22.376543209876544,11.708266237251744,10.420021470746109,0.47638217928073,1.1003757380568975,2.636876006441224,0.11406333870101985
439,26.650563607085346,4.166666666666667,11.057434245840042,9.359903381642512,22.25577026301664,11.708266237251744,10.473698336017177,0.47638217928073,1.1003757380568975,2.636876006441224,0.11406333870101985
440,26.757917337627482,4.166666666666667,11.023886205045626,9.333064949006978,22.249060654857757,11.708266237251744,10.433440687063875,0.47638217928073,1.1003757380568975,2.636876006441224,0.11406333870101985
441,26.77133655394525,4.166666666666667,11.023886205045626,9.333064949006978,22.23564143853999,11.708266237251744,10.433440687063875,0.47638217928073,1.1003757380568975,2.636876006441224,0.11406333870101985
442,26.82501341921632,4.166666666666667,11.023886205045626,9.333064949006978,22.18196457326892,11.708266237251744,10.433440687063875,0.47638217928073,1.1003757380568975,2.636876006441224,0.11406333870101985
443,26.8719806763285,4.166666666666667,11.023886205045626,9.333064949006978,22.15512614063339,11.708266237251744,10.413311862587225,0.47638217928073,1.1003757380568975,2.636876006441224,0.11406333870101985
444,26.986044015029524,4.159957058507783,11.003757380568974,9.306226516371444,22.14170692431562,11.688137412775093,10.38647342995169,0.47638217928073,1.1003757380568975,2.636876006441224,0.11406333870101985
445,27.053140096618357,4.159957058507783,11.003757380568974,9.292807300053678,22.088030059044552,11.688137412775093,10.38647342995169,0.47638217928073,1.1003757380568975,2.636876006441224,0.11406333870101985
446,27.053140096618357,4.139828234031133,11.003757380568974,9.406870638754697,21.960547504025765,11.741814278046162,10.36634460547504,0.47638217928073,1.1003757380568975,2.636876006441224,0.11406333870101985
447,27.100107353730543,4.139828234031133,10.997047772410092,9.400161030595813,21.947128287707997,11.735104669887278,10.36634460547504,0.47638217928073,1.1003757380568975,2.623456790123457,0.11406333870101985
448,26.92565754159957,4.139828234031133,10.923242082662373,9.29951690821256,22.705314009661837,11.41304347826087,10.285829307568438,0.47638217928073,1.1003757380568975,2.6167471819645733,0.11406333870101985
449,26.959205582393988,4.139828234031133,10.923242082662373,9.29951690821256,22.705314009661837,11.379495437466453,10.285829307568438,0.47638217928073,1.1003757380568975,2.6167471819645733,0.11406333870101985
450,27.006172839506174,4.139828234031133,10.923242082662373,9.292807300053678,22.69189479334407,11.379495437466453,10.258990874932904,0.47638217928073,1.1003757380568975,2.6167471819645733,0.11406333870101985
451,26.96591519055287,4.126409017713366,10.916532474503489,9.23913043478261,22.69189479334407,11.3593666129898,10.393183038110575,0.47638217928073,1.1003757380568975,2.6167471819645733,0.11406333870101985
452,27.03972088030059,4.126409017713366,10.896403650026839,9.23913043478261,22.685185185185187,11.332528180354267,10.373054213633925,0.47638217928073,1.1003757380568975,2.6167471819645733,0.11406333870101985
453,27.220880300590444,4.03918411164788,10.896403650026839,9.232420826623725,22.63150831991412,11.332528180354267,10.373054213633925,0.47638217928073,1.06682769726248,2.6167471819645733,0.11406333870101985
454,27.26784755770263,4.03918411164788,10.896403650026839,9.219001610305957,22.57783145464305,11.218464841653248,10.373054213633925,0.47638217928073,1.06682769726248,2.7509393451422435,0.11406333870101985
455,27.30810520665593,4.03918411164788,10.896403650026839,9.192163177670425,22.564412238325282,11.218464841653248,10.373054213633925,0.47638217928073,1.06682769726248,2.7509393451422435,0.11406333870101985
456,27.361782071927,4.03918411164788,10.889694041867955,9.172034353193773,22.564412238325282,11.218464841653248,10.359634997316157,0.47638217928073,1.06682769726248,2.737520128824477,0.11406333870101985
457,27.449006977992486,4.032474503488996,10.889694041867955,9.064680622651638,22.544283413848632,11.2788513150832,10.359634997316157,0.47638217928073,1.06682769726248,2.7241009125067097,0.11406333870101985
458,27.489264626945786,4.032474503488996,10.86285560923242,9.064680622651638,22.544283413848632,11.2788513150832,10.359634997316157,0.47638217928073,1.0534084809447128,2.7241009125067097,0.11406333870101985
459,27.489264626945786,4.032474503488996,10.86285560923242,9.064680622651638,22.544283413848632,11.2788513150832,10.359634997316157,0.47638217928073,1.0534084809447128,2.7241009125067097,0.11406333870101985
460,27.556360708534623,4.005636070853462,10.849436392914654,9.064680622651638,22.544283413848632,11.252012882447666,10.359634997316157,0.47638217928073,1.0534084809447128,2.7241009125067097,0.11406333870101985
461,27.66371443907676,4.005636070853462,10.829307568438002,9.024422973698336,22.383252818035427,11.366076221148685,10.359634997316157,0.47638217928073,1.0534084809447128,2.7241009125067097,0.11406333870101985
462,27.66371443907676,4.005636070853462,10.829307568438002,9.024422973698336,22.25577026301664,11.366076221148685,10.487117552334944,0.47638217928073,1.0534084809447128,2.7241009125067097,0.11406333870101985
463,27.677133655394524,4.005636070853462,10.829307568438002,9.024422973698336,22.25577026301664,11.352657004830919,10.487117552334944,0.47638217928073,1.0534084809447128,2.7241009125067097,0.11406333870101985
464,27.70397208803006,4.005636070853462,10.829307568438002,8.943907675791733,22.23564143853999,11.352657004830919,10.473698336017177,0.47638217928073,1.1406333870101986,2.7241009125067097,0.11406333870101985
465,27.750939345142243,4.005636070853462,10.829307568438002,8.943907675791733,22.19538378958669,11.352657004830919,10.466988727858293,0.47638217928073,1.1406333870101986,2.7241009125067097,0.11406333870101985
466,27.750939345142243,4.005636070853462,10.829307568438002,8.876811594202898,22.188674181427803,11.352657004830919,10.466988727858293,0.5501878690284487,1.1406333870101986,2.7241009125067097,0.11406333870101985
467,27.791196994095547,3.965378421900161,10.829307568438002,8.735909822866345,22.014224369296834,11.352657004830919,10.782340311325818,0.5501878690284487,1.1406333870101986,2.7241009125067097,0.11406333870101985
468,27.85829307568438,3.938539989264627,10.829307568438002,8.695652173913043,21.947128287707997,11.305689747718732,10.748792270531402,0.5501878690284487,1.1406333870101986,2.871712292002147,0.11406333870101985
469,27.958937198067634,3.938539989264627,10.748792270531402,8.695652173913043,21.947128287707997,11.285560923242082,10.748792270531402,0.5501878690284487,1.1406333870101986,2.871712292002147,0.11406333870101985
470,28.052871712292003,3.938539989264627,10.748792270531402,8.695652173913043,21.85990338164251,11.2788513150832,10.748792270531402,0.5501878690284487,1.1406333870101986,2.871712292002147,0.11406333870101985
471,28.166935050993022,3.911701556629093,10.681696188942565,8.61513687600644,21.85990338164251,11.352657004830919,10.735373054213634,0.5501878690284487,1.1406333870101986,2.871712292002147,0.11406333870101985
472,28.247450348899623,3.911701556629093,10.648148148148149,8.61513687600644,21.833064949006978,11.352657004830919,10.735373054213634,0.5501878690284487,1.1205045625335481,2.871712292002147,0.11406333870101985
473,28.267579173376276,3.911701556629093,10.63472893183038,8.61513687600644,21.812936124530328,11.486849168008588,10.61460010735373,0.5501878690284487,1.1205045625335481,2.871712292002147,0.11406333870101985
474,28.29441760601181,3.911701556629093,10.607890499194847,8.61513687600644,21.812936124530328,11.486849168008588,10.61460010735373,0.5501878690284487,1.1205045625335481,2.871712292002147,0.11406333870101985
475,28.37493290391841,3.911701556629093,10.601180891035963,8.608427267847558,21.772678475577028,11.460010735373054,10.61460010735373,0.5501878690284487,1.1205045625335481,2.871712292002147,0.11406333870101985
476,28.388352120236178,3.911701556629093,10.601180891035963,8.608427267847558,21.772678475577028,11.446591519055287,10.61460010735373,0.5501878690284487,1.1205045625335481,2.871712292002147,0.11406333870101985
477,28.415190552871714,3.911701556629093,10.57434245840043,8.608427267847558,21.772678475577028,11.446591519055287,10.61460010735373,0.5501878690284487,1.1205045625335481,2.871712292002147,0.11406333870101985
478,28.468867418142782,3.911701556629093,10.560923242082662,8.608427267847558,21.732420826623724,11.446591519055287,10.61460010735373,0.5501878690284487,1.1205045625335481,2.871712292002147,0.11406333870101985
479,28.468867418142782,3.911701556629093,10.560923242082662,8.55475040257649,21.732420826623724,11.446591519055287,10.674986580783683,0.5501878690284487,1.1205045625335481,2.8650026838432634,0.11406333870101985
480,28.629898013955984,3.911701556629093,10.520665593129362,8.548040794417606,21.62506709608159,11.446591519055287,10.668276972624799,0.5501878690284487,1.1205045625335481,2.8650026838432634,0.11406333870101985
481,28.64331723027375,3.911701556629093,10.520665593129362,8.548040794417606,21.611647879763822,11.446591519055287,10.668276972624799,0.5501878690284487,1.1205045625335481,2.8650026838432634,0.11406333870101985
482,28.73054213633924,3.911701556629093,10.520665593129362,8.541331186258722,21.564680622651636,11.41304347826087,10.668276972624799,0.5501878690284487,1.1205045625335481,2.8650026838432634,0.11406333870101985
483,28.85131508319914,3.911701556629093,10.513955984970478,8.521202361782072,21.504294149221685,11.386205045625335,10.668276972624799,0.5501878690284487,1.1205045625335481,2.85829307568438,0.11406333870101985
484,28.951959205582394,3.911701556629093,10.513955984970478,8.521202361782072,21.504294149221685,11.3593666129898,10.59447128287708,0.5501878690284487,1.1205045625335481,2.85829307568438,0.11406333870101985
485,28.951959205582394,3.844605475040258,10.513955984970478,8.514492753623188,21.490874932903917,11.446591519055287,10.59447128287708,0.5501878690284487,1.1205045625335481,2.85829307568438,0.11406333870101985
486,28.992216854535695,3.844605475040258,10.513955984970478,8.514492753623188,21.450617283950617,11.446591519055287,10.59447128287708,0.5501878690284487,1.1205045625335481,2.85829307568438,0.11406333870101985
487,29.09957058507783,3.844605475040258,10.513955984970478,8.501073537305421,21.423778851315085,11.426462694578637,10.567632850241546,0.5300590445517982,1.1205045625335481,2.85829307568438,0.11406333870101985
488,29.180085882984432,3.81105743424584,10.507246376811594,8.487654320987655,21.423778851315085,11.426462694578637,10.540794417606012,0.5300590445517982,1.1205045625335481,2.85829307568438,0.11406333870101985
489,29.2337627482555,3.7909286097691894,10.507246376811594,8.487654320987655,21.423778851315085,11.406333870101985,10.527375201288244,0.5300590445517982,1.1205045625335481,2.85829307568438,0.11406333870101985
490,29.24718196457327,3.7909286097691894,10.50053676865271,8.487654320987655,21.423778851315085,11.406333870101985,10.527375201288244,0.5300590445517982,1.1205045625335481,2.8515834675254963,0.11406333870101985
491,29.274020397208805,3.7909286097691894,10.50053676865271,8.487654320987655,21.423778851315085,11.379495437466453,10.527375201288244,0.5300590445517982,1.1205045625335481,2.8515834675254963,0.11406333870101985
492,29.414922168545356,3.7909286097691894,10.487117552334944,8.460815888352121,21.3768115942029,11.352657004830919,10.527375201288244,0.5032206119162641,1.1205045625335481,2.8515834675254963,0.11406333870101985
493,29.428341384863124,3.7909286097691894,10.48040794417606,8.460815888352121,21.3768115942029,11.352657004830919,10.527375201288244,0.5032206119162641,1.1205045625335481,2.844873859366613,0.11406333870101985
494,29.455179817498657,3.717122920021471,10.420021470746109,8.460815888352121,21.3768115942029,11.473429951690822,10.513955984970478,0.5032206119162641,1.1205045625335481,2.844873859366613,0.11406333870101985
495,29.53569511540526,3.717122920021471,10.420021470746109,8.413848631239935,21.349973161567366,11.473429951690822,10.513955984970478,0.5032206119162641,1.1205045625335481,2.8381642512077296,0.11406333870101985
496,29.59608158883521,3.717122920021471,10.359634997316157,8.413848631239935,21.349973161567366,11.473429951690822,10.513955984970478,0.5032206119162641,1.1205045625335481,2.8381642512077296,0.11406333870101985
497,29.69001610305958,3.717122920021471,10.312667740203972,8.407139023081053,21.329844337090712,11.473429951690822,10.50053676865271,0.5032206119162641,1.1205045625335481,2.831454643048846,0.11406333870101985
498,29.851046698872786,3.683574879227053,10.312667740203972,8.407139023081053,21.32313472893183,11.3593666129898,10.493827160493828,0.5032206119162641,1.1205045625335481,2.831454643048846,0.11406333870101985
499,29.528985507246375,3.502415458937198,10.285829307568438,8.172302737520129,21.32313472893183,12.13768115942029,10.48040794417606,0.5032206119162641,1.1205045625335481,2.831454643048846,0.11406333870101985
